USE [KalyanProperty]
GO
/****** Object:  Table [dbo].[__MigrationHistory]    Script Date: 6/7/2017 6:07:19 PM ******/
SET ANSI_NULLS ON
GO
SET QUOTED_IDENTIFIER ON
GO
SET ANSI_PADDING ON
GO
CREATE TABLE [dbo].[__MigrationHistory](
	[MigrationId] [nvarchar](150) NOT NULL,
	[ContextKey] [nvarchar](300) NOT NULL,
	[Model] [varbinary](max) NOT NULL,
	[ProductVersion] [nvarchar](32) NOT NULL,
 CONSTRAINT [PK_dbo.__MigrationHistory] PRIMARY KEY CLUSTERED 
(
	[MigrationId] ASC,
	[ContextKey] ASC
)WITH (PAD_INDEX = OFF, STATISTICS_NORECOMPUTE = OFF, IGNORE_DUP_KEY = OFF, ALLOW_ROW_LOCKS = ON, ALLOW_PAGE_LOCKS = ON) ON [PRIMARY]
) ON [PRIMARY] TEXTIMAGE_ON [PRIMARY]

GO
SET ANSI_PADDING OFF
GO
/****** Object:  Table [dbo].[AgentInfo]    Script Date: 6/7/2017 6:07:19 PM ******/
SET ANSI_NULLS ON
GO
SET QUOTED_IDENTIFIER ON
GO
CREATE TABLE [dbo].[AgentInfo](
	[id] [int] NOT NULL,
	[PropertyDetailId] [int] NOT NULL,
	[FirstName] [nvarchar](50) NULL,
	[LastName] [nvarchar](50) NULL,
	[Phone] [nchar](10) NULL,
	[IsActive] [bit] NULL,
	[Address1] [nvarchar](50) NULL,
	[Address2] [nvarchar](50) NULL,
	[City] [nchar](10) NULL,
	[State] [nchar](10) NULL,
 CONSTRAINT [PK_dbo.AgentInfo] PRIMARY KEY CLUSTERED 
(
	[id] ASC
)WITH (PAD_INDEX = OFF, STATISTICS_NORECOMPUTE = OFF, IGNORE_DUP_KEY = OFF, ALLOW_ROW_LOCKS = ON, ALLOW_PAGE_LOCKS = ON) ON [PRIMARY]
) ON [PRIMARY]

GO
/****** Object:  Table [dbo].[Amenity]    Script Date: 6/7/2017 6:07:19 PM ******/
SET ANSI_NULLS ON
GO
SET QUOTED_IDENTIFIER ON
GO
CREATE TABLE [dbo].[Amenity](
	[Id] [int] NOT NULL,
	[ServiceId] [int] NOT NULL,
	[FeatureId] [int] NOT NULL,
 CONSTRAINT [PK_dbo.Amenity] PRIMARY KEY CLUSTERED 
(
	[Id] ASC
)WITH (PAD_INDEX = OFF, STATISTICS_NORECOMPUTE = OFF, IGNORE_DUP_KEY = OFF, ALLOW_ROW_LOCKS = ON, ALLOW_PAGE_LOCKS = ON) ON [PRIMARY]
) ON [PRIMARY]

GO
/****** Object:  Table [dbo].[Area]    Script Date: 6/7/2017 6:07:19 PM ******/
SET ANSI_NULLS ON
GO
SET QUOTED_IDENTIFIER ON
GO
CREATE TABLE [dbo].[Area](
	[Id] [int] IDENTITY(1,1) NOT NULL,
	[Name] [nvarchar](50) NOT NULL,
	[IsActive] [bit] NOT NULL,
	[CityId] [int] NOT NULL,
 CONSTRAINT [PK_dbo.Area] PRIMARY KEY CLUSTERED 
(
	[Id] ASC
)WITH (PAD_INDEX = OFF, STATISTICS_NORECOMPUTE = OFF, IGNORE_DUP_KEY = OFF, ALLOW_ROW_LOCKS = ON, ALLOW_PAGE_LOCKS = ON) ON [PRIMARY]
) ON [PRIMARY]

GO
/****** Object:  Table [dbo].[City]    Script Date: 6/7/2017 6:07:19 PM ******/
SET ANSI_NULLS ON
GO
SET QUOTED_IDENTIFIER ON
GO
SET ANSI_PADDING ON
GO
CREATE TABLE [dbo].[City](
	[Id] [int] IDENTITY(1,1) NOT NULL,
	[Name] [varchar](50) NOT NULL,
	[IsActive] [bit] NOT NULL,
	[StateId] [int] NOT NULL,
 CONSTRAINT [PK_dbo.City] PRIMARY KEY CLUSTERED 
(
	[Id] ASC
)WITH (PAD_INDEX = OFF, STATISTICS_NORECOMPUTE = OFF, IGNORE_DUP_KEY = OFF, ALLOW_ROW_LOCKS = ON, ALLOW_PAGE_LOCKS = ON) ON [PRIMARY]
) ON [PRIMARY]

GO
SET ANSI_PADDING OFF
GO
/****** Object:  Table [dbo].[Contact]    Script Date: 6/7/2017 6:07:19 PM ******/
SET ANSI_NULLS ON
GO
SET QUOTED_IDENTIFIER ON
GO
SET ANSI_PADDING ON
GO
CREATE TABLE [dbo].[Contact](
	[Id] [int] IDENTITY(1,1) NOT NULL,
	[Name] [varchar](100) NOT NULL,
	[Email] [varchar](50) NOT NULL,
	[Phone] [bigint] NOT NULL,
	[CreatedDate] [datetime] NOT NULL,
	[CreatedBy] [nchar](10) NULL,
	[Message] [nvarchar](max) NOT NULL,
 CONSTRAINT [PK_dbo.Contact] PRIMARY KEY CLUSTERED 
(
	[Id] ASC
)WITH (PAD_INDEX = OFF, STATISTICS_NORECOMPUTE = OFF, IGNORE_DUP_KEY = OFF, ALLOW_ROW_LOCKS = ON, ALLOW_PAGE_LOCKS = ON) ON [PRIMARY]
) ON [PRIMARY] TEXTIMAGE_ON [PRIMARY]

GO
SET ANSI_PADDING OFF
GO
/****** Object:  Table [dbo].[ContractType]    Script Date: 6/7/2017 6:07:19 PM ******/
SET ANSI_NULLS ON
GO
SET QUOTED_IDENTIFIER ON
GO
CREATE TABLE [dbo].[ContractType](
	[Id] [int] IDENTITY(1,1) NOT NULL,
	[Conmmertial] [nvarchar](50) NULL,
	[Date] [datetime] NULL,
	[Rent] [nvarchar](50) NULL,
	[Sale] [nvarchar](50) NULL,
 CONSTRAINT [PK_dbo.ContractType] PRIMARY KEY CLUSTERED 
(
	[Id] ASC
)WITH (PAD_INDEX = OFF, STATISTICS_NORECOMPUTE = OFF, IGNORE_DUP_KEY = OFF, ALLOW_ROW_LOCKS = ON, ALLOW_PAGE_LOCKS = ON) ON [PRIMARY]
) ON [PRIMARY]

GO
/****** Object:  Table [dbo].[Country]    Script Date: 6/7/2017 6:07:19 PM ******/
SET ANSI_NULLS ON
GO
SET QUOTED_IDENTIFIER ON
GO
CREATE TABLE [dbo].[Country](
	[Id] [int] IDENTITY(1,1) NOT NULL,
	[Name] [nvarchar](max) NULL,
	[IsActive] [bit] NOT NULL,
 CONSTRAINT [PK_dbo.Country] PRIMARY KEY CLUSTERED 
(
	[Id] ASC
)WITH (PAD_INDEX = OFF, STATISTICS_NORECOMPUTE = OFF, IGNORE_DUP_KEY = OFF, ALLOW_ROW_LOCKS = ON, ALLOW_PAGE_LOCKS = ON) ON [PRIMARY]
) ON [PRIMARY] TEXTIMAGE_ON [PRIMARY]

GO
/****** Object:  Table [dbo].[District]    Script Date: 6/7/2017 6:07:19 PM ******/
SET ANSI_NULLS ON
GO
SET QUOTED_IDENTIFIER ON
GO
CREATE TABLE [dbo].[District](
	[Id] [int] IDENTITY(1,1) NOT NULL,
	[Name] [nvarchar](50) NULL,
	[IsActive] [bit] NOT NULL,
	[CityId] [int] NOT NULL,
 CONSTRAINT [PK_dbo.District] PRIMARY KEY CLUSTERED 
(
	[Id] ASC
)WITH (PAD_INDEX = OFF, STATISTICS_NORECOMPUTE = OFF, IGNORE_DUP_KEY = OFF, ALLOW_ROW_LOCKS = ON, ALLOW_PAGE_LOCKS = ON) ON [PRIMARY]
) ON [PRIMARY]

GO
/****** Object:  Table [dbo].[Feature]    Script Date: 6/7/2017 6:07:19 PM ******/
SET ANSI_NULLS ON
GO
SET QUOTED_IDENTIFIER ON
GO
CREATE TABLE [dbo].[Feature](
	[Id] [int] NOT NULL,
	[Name] [nvarchar](50) NULL,
 CONSTRAINT [PK_dbo.Feature] PRIMARY KEY CLUSTERED 
(
	[Id] ASC
)WITH (PAD_INDEX = OFF, STATISTICS_NORECOMPUTE = OFF, IGNORE_DUP_KEY = OFF, ALLOW_ROW_LOCKS = ON, ALLOW_PAGE_LOCKS = ON) ON [PRIMARY]
) ON [PRIMARY]

GO
/****** Object:  Table [dbo].[LoginPl]    Script Date: 6/7/2017 6:07:19 PM ******/
SET ANSI_NULLS ON
GO
SET QUOTED_IDENTIFIER ON
GO
CREATE TABLE [dbo].[LoginPl](
	[Id] [int] IDENTITY(1,1) NOT NULL,
	[Password] [nvarchar](50) NOT NULL,
	[Email] [nvarchar](50) NOT NULL,
	[Date] [datetime] NOT NULL,
	[LoginId] [nvarchar](50) NULL,
 CONSTRAINT [PK_dbo.LoginPl] PRIMARY KEY CLUSTERED 
(
	[Id] ASC
)WITH (PAD_INDEX = OFF, STATISTICS_NORECOMPUTE = OFF, IGNORE_DUP_KEY = OFF, ALLOW_ROW_LOCKS = ON, ALLOW_PAGE_LOCKS = ON) ON [PRIMARY]
) ON [PRIMARY]

GO
/****** Object:  Table [dbo].[PropertyDetail]    Script Date: 6/7/2017 6:07:19 PM ******/
SET ANSI_NULLS ON
GO
SET QUOTED_IDENTIFIER ON
GO
SET ANSI_PADDING ON
GO
CREATE TABLE [dbo].[PropertyDetail](
	[Id] [int] IDENTITY(1,1) NOT NULL,
	[ContractType] [nvarchar](50) NULL,
	[FromPrice] [nvarchar](50) NULL,
	[Bedroom] [int] NULL,
	[Bathroom] [int] NULL,
	[Parking] [int] NULL,
	[AmenitiesID] [int] NULL,
	[Date] [datetime] NULL,
	[PropertyName] [nvarchar](50) NULL,
	[Address] [nvarchar](50) NULL,
	[PropertyDescription] [nvarchar](50) NULL,
	[FullName] [nvarchar](50) NULL,
	[Email] [nvarchar](50) NULL,
	[Phone] [nvarchar](50) NULL,
	[Comments] [nvarchar](50) NULL,
	[Images] [nvarchar](50) NULL,
	[Approved] [varchar](1) NULL,
	[Featured] [varchar](1) NULL,
	[Area] [nvarchar](50) NULL,
	[country] [nchar](10) NULL,
	[State] [nvarchar](50) NULL,
	[agent] [bit] NOT NULL,
	[city] [nchar](10) NULL,
	[DistrictId] [nchar](10) NULL,
	[ToPrice] [nvarchar](50) NULL,
 CONSTRAINT [PK_dbo.PropertyDetail] PRIMARY KEY CLUSTERED 
(
	[Id] ASC
)WITH (PAD_INDEX = OFF, STATISTICS_NORECOMPUTE = OFF, IGNORE_DUP_KEY = OFF, ALLOW_ROW_LOCKS = ON, ALLOW_PAGE_LOCKS = ON) ON [PRIMARY]
) ON [PRIMARY]

GO
SET ANSI_PADDING OFF
GO
/****** Object:  Table [dbo].[PropertyImage]    Script Date: 6/7/2017 6:07:19 PM ******/
SET ANSI_NULLS ON
GO
SET QUOTED_IDENTIFIER ON
GO
SET ANSI_PADDING ON
GO
CREATE TABLE [dbo].[PropertyImage](
	[Id] [int] IDENTITY(1,1) NOT NULL,
	[PropertyTypeId] [int] NOT NULL,
	[PropertyDetailId] [int] NOT NULL,
	[PropertyImage] [varbinary](max) NOT NULL,
	[Date] [datetime] NOT NULL,
	[ImagePath] [nvarchar](50) NULL,
	[IsActive] [bit] NOT NULL,
 CONSTRAINT [PK_dbo.PropertyImage] PRIMARY KEY CLUSTERED 
(
	[Id] ASC
)WITH (PAD_INDEX = OFF, STATISTICS_NORECOMPUTE = OFF, IGNORE_DUP_KEY = OFF, ALLOW_ROW_LOCKS = ON, ALLOW_PAGE_LOCKS = ON) ON [PRIMARY]
) ON [PRIMARY] TEXTIMAGE_ON [PRIMARY]

GO
SET ANSI_PADDING OFF
GO
/****** Object:  Table [dbo].[PropertyRequest]    Script Date: 6/7/2017 6:07:19 PM ******/
SET ANSI_NULLS ON
GO
SET QUOTED_IDENTIFIER ON
GO
CREATE TABLE [dbo].[PropertyRequest](
	[PropertyRequestId] [int] IDENTITY(1,1) NOT NULL,
	[FullName] [nvarchar](50) NULL,
	[Email] [nvarchar](50) NULL,
	[PhoneNumber] [nvarchar](50) NULL,
	[FromPrice] [int] NOT NULL,
	[ContactType] [nvarchar](50) NULL,
	[PropertyRequestContractTypeId] [int] NOT NULL,
	[PropertyDescription] [nvarchar](50) NULL,
	[ToPrice] [int] NOT NULL,
	[CreatedDate] [datetime] NOT NULL,
	[IsAgree] [bit] NOT NULL,
	[PropertyRequestTypeId] [int] NOT NULL,
	[PropertyRequestAreaId] [int] NOT NULL,
 CONSTRAINT [PK_dbo.PropertyRequest] PRIMARY KEY CLUSTERED 
(
	[PropertyRequestId] ASC
)WITH (PAD_INDEX = OFF, STATISTICS_NORECOMPUTE = OFF, IGNORE_DUP_KEY = OFF, ALLOW_ROW_LOCKS = ON, ALLOW_PAGE_LOCKS = ON) ON [PRIMARY]
) ON [PRIMARY]

GO
/****** Object:  Table [dbo].[PropertyRequestArea]    Script Date: 6/7/2017 6:07:19 PM ******/
SET ANSI_NULLS ON
GO
SET QUOTED_IDENTIFIER ON
GO
CREATE TABLE [dbo].[PropertyRequestArea](
	[Id] [int] IDENTITY(1,1) NOT NULL,
	[Name] [nvarchar](50) NULL,
	[IsActive] [bit] NOT NULL,
 CONSTRAINT [PK_dbo.PropertyRequestArea] PRIMARY KEY CLUSTERED 
(
	[Id] ASC
)WITH (PAD_INDEX = OFF, STATISTICS_NORECOMPUTE = OFF, IGNORE_DUP_KEY = OFF, ALLOW_ROW_LOCKS = ON, ALLOW_PAGE_LOCKS = ON) ON [PRIMARY]
) ON [PRIMARY]

GO
/****** Object:  Table [dbo].[PropertyRequestContractType]    Script Date: 6/7/2017 6:07:19 PM ******/
SET ANSI_NULLS ON
GO
SET QUOTED_IDENTIFIER ON
GO
SET ANSI_PADDING ON
GO
CREATE TABLE [dbo].[PropertyRequestContractType](
	[Id] [int] IDENTITY(1,1) NOT NULL,
	[Name] [varchar](50) NULL,
	[IsActive] [bit] NOT NULL,
 CONSTRAINT [PK_dbo.PropertyRequestContractType] PRIMARY KEY CLUSTERED 
(
	[Id] ASC
)WITH (PAD_INDEX = OFF, STATISTICS_NORECOMPUTE = OFF, IGNORE_DUP_KEY = OFF, ALLOW_ROW_LOCKS = ON, ALLOW_PAGE_LOCKS = ON) ON [PRIMARY]
) ON [PRIMARY]

GO
SET ANSI_PADDING OFF
GO
/****** Object:  Table [dbo].[PropertyRequestPrice]    Script Date: 6/7/2017 6:07:19 PM ******/
SET ANSI_NULLS ON
GO
SET QUOTED_IDENTIFIER ON
GO
SET ANSI_PADDING ON
GO
CREATE TABLE [dbo].[PropertyRequestPrice](
	[Id] [int] IDENTITY(1,1) NOT NULL,
	[Price] [varchar](50) NULL,
	[IsActive] [bit] NOT NULL,
 CONSTRAINT [PK_dbo.PropertyRequestPrice] PRIMARY KEY CLUSTERED 
(
	[Id] ASC
)WITH (PAD_INDEX = OFF, STATISTICS_NORECOMPUTE = OFF, IGNORE_DUP_KEY = OFF, ALLOW_ROW_LOCKS = ON, ALLOW_PAGE_LOCKS = ON) ON [PRIMARY]
) ON [PRIMARY]

GO
SET ANSI_PADDING OFF
GO
/****** Object:  Table [dbo].[PropertyRequestType]    Script Date: 6/7/2017 6:07:19 PM ******/
SET ANSI_NULLS ON
GO
SET QUOTED_IDENTIFIER ON
GO
CREATE TABLE [dbo].[PropertyRequestType](
	[Id] [int] IDENTITY(1,1) NOT NULL,
	[Name] [nvarchar](50) NULL,
	[IsActive] [bit] NOT NULL,
 CONSTRAINT [PK_dbo.PropertyRequestType] PRIMARY KEY CLUSTERED 
(
	[Id] ASC
)WITH (PAD_INDEX = OFF, STATISTICS_NORECOMPUTE = OFF, IGNORE_DUP_KEY = OFF, ALLOW_ROW_LOCKS = ON, ALLOW_PAGE_LOCKS = ON) ON [PRIMARY]
) ON [PRIMARY]

GO
/****** Object:  Table [dbo].[PropertyType]    Script Date: 6/7/2017 6:07:19 PM ******/
SET ANSI_NULLS ON
GO
SET QUOTED_IDENTIFIER ON
GO
CREATE TABLE [dbo].[PropertyType](
	[Id] [int] IDENTITY(1,1) NOT NULL,
	[Name] [nvarchar](50) NOT NULL,
	[IsActive] [bit] NOT NULL,
 CONSTRAINT [PK_dbo.PropertyType] PRIMARY KEY CLUSTERED 
(
	[Id] ASC
)WITH (PAD_INDEX = OFF, STATISTICS_NORECOMPUTE = OFF, IGNORE_DUP_KEY = OFF, ALLOW_ROW_LOCKS = ON, ALLOW_PAGE_LOCKS = ON) ON [PRIMARY]
) ON [PRIMARY]

GO
/****** Object:  Table [dbo].[Roles]    Script Date: 6/7/2017 6:07:19 PM ******/
SET ANSI_NULLS ON
GO
SET QUOTED_IDENTIFIER ON
GO
CREATE TABLE [dbo].[Roles](
	[Id] [int] IDENTITY(1,1) NOT NULL,
	[Name] [nvarchar](256) NOT NULL,
 CONSTRAINT [PK_dbo.Roles] PRIMARY KEY CLUSTERED 
(
	[Id] ASC
)WITH (PAD_INDEX = OFF, STATISTICS_NORECOMPUTE = OFF, IGNORE_DUP_KEY = OFF, ALLOW_ROW_LOCKS = ON, ALLOW_PAGE_LOCKS = ON) ON [PRIMARY]
) ON [PRIMARY]

GO
/****** Object:  Table [dbo].[Service]    Script Date: 6/7/2017 6:07:19 PM ******/
SET ANSI_NULLS ON
GO
SET QUOTED_IDENTIFIER ON
GO
CREATE TABLE [dbo].[Service](
	[Id] [int] NOT NULL,
	[Name] [nvarchar](50) NULL,
 CONSTRAINT [PK_dbo.Service] PRIMARY KEY CLUSTERED 
(
	[Id] ASC
)WITH (PAD_INDEX = OFF, STATISTICS_NORECOMPUTE = OFF, IGNORE_DUP_KEY = OFF, ALLOW_ROW_LOCKS = ON, ALLOW_PAGE_LOCKS = ON) ON [PRIMARY]
) ON [PRIMARY]

GO
/****** Object:  Table [dbo].[State]    Script Date: 6/7/2017 6:07:19 PM ******/
SET ANSI_NULLS ON
GO
SET QUOTED_IDENTIFIER ON
GO
CREATE TABLE [dbo].[State](
	[Id] [int] IDENTITY(1,1) NOT NULL,
	[Name] [nvarchar](50) NULL,
	[IsActive] [bit] NOT NULL,
	[CountryId] [int] NOT NULL,
 CONSTRAINT [PK_dbo.State] PRIMARY KEY CLUSTERED 
(
	[Id] ASC
)WITH (PAD_INDEX = OFF, STATISTICS_NORECOMPUTE = OFF, IGNORE_DUP_KEY = OFF, ALLOW_ROW_LOCKS = ON, ALLOW_PAGE_LOCKS = ON) ON [PRIMARY]
) ON [PRIMARY]

GO
/****** Object:  Table [dbo].[UserClaims]    Script Date: 6/7/2017 6:07:19 PM ******/
SET ANSI_NULLS ON
GO
SET QUOTED_IDENTIFIER ON
GO
CREATE TABLE [dbo].[UserClaims](
	[Id] [int] IDENTITY(1,1) NOT NULL,
	[UserId] [int] NOT NULL,
	[ClaimType] [nvarchar](max) NULL,
	[ClaimValue] [nvarchar](max) NULL,
 CONSTRAINT [PK_dbo.UserClaims] PRIMARY KEY CLUSTERED 
(
	[Id] ASC
)WITH (PAD_INDEX = OFF, STATISTICS_NORECOMPUTE = OFF, IGNORE_DUP_KEY = OFF, ALLOW_ROW_LOCKS = ON, ALLOW_PAGE_LOCKS = ON) ON [PRIMARY]
) ON [PRIMARY] TEXTIMAGE_ON [PRIMARY]

GO
/****** Object:  Table [dbo].[UserLogins]    Script Date: 6/7/2017 6:07:19 PM ******/
SET ANSI_NULLS ON
GO
SET QUOTED_IDENTIFIER ON
GO
CREATE TABLE [dbo].[UserLogins](
	[LoginProvider] [nvarchar](128) NOT NULL,
	[ProviderKey] [nvarchar](128) NOT NULL,
	[UserId] [int] NOT NULL,
 CONSTRAINT [PK_dbo.UserLogins] PRIMARY KEY CLUSTERED 
(
	[LoginProvider] ASC,
	[ProviderKey] ASC,
	[UserId] ASC
)WITH (PAD_INDEX = OFF, STATISTICS_NORECOMPUTE = OFF, IGNORE_DUP_KEY = OFF, ALLOW_ROW_LOCKS = ON, ALLOW_PAGE_LOCKS = ON) ON [PRIMARY]
) ON [PRIMARY]

GO
/****** Object:  Table [dbo].[UserRoles]    Script Date: 6/7/2017 6:07:19 PM ******/
SET ANSI_NULLS ON
GO
SET QUOTED_IDENTIFIER ON
GO
CREATE TABLE [dbo].[UserRoles](
	[UserId] [int] NOT NULL,
	[RoleId] [int] NOT NULL,
 CONSTRAINT [PK_dbo.UserRoles] PRIMARY KEY CLUSTERED 
(
	[UserId] ASC,
	[RoleId] ASC
)WITH (PAD_INDEX = OFF, STATISTICS_NORECOMPUTE = OFF, IGNORE_DUP_KEY = OFF, ALLOW_ROW_LOCKS = ON, ALLOW_PAGE_LOCKS = ON) ON [PRIMARY]
) ON [PRIMARY]

GO
/****** Object:  Table [dbo].[Users]    Script Date: 6/7/2017 6:07:19 PM ******/
SET ANSI_NULLS ON
GO
SET QUOTED_IDENTIFIER ON
GO
CREATE TABLE [dbo].[Users](
	[Id] [int] IDENTITY(1,1) NOT NULL,
	[FirstName] [nvarchar](max) NULL,
	[LastName] [nvarchar](max) NULL,
	[Phone] [nvarchar](max) NULL,
	[DateOfBirth] [datetime] NOT NULL,
	[Email] [nvarchar](256) NULL,
	[EmailConfirmed] [bit] NOT NULL,
	[PasswordHash] [nvarchar](max) NULL,
	[SecurityStamp] [nvarchar](max) NULL,
	[PhoneNumber] [nvarchar](max) NULL,
	[PhoneNumberConfirmed] [bit] NOT NULL,
	[TwoFactorEnabled] [bit] NOT NULL,
	[LockoutEndDateUtc] [datetime] NULL,
	[LockoutEnabled] [bit] NOT NULL,
	[AccessFailedCount] [int] NOT NULL,
	[UserName] [nvarchar](256) NOT NULL,
	[Gender] [nvarchar](max) NULL,
	[IsActive] [bit] NOT NULL DEFAULT ((0)),
	[IsApproved] [bit] NOT NULL DEFAULT ((0)),
 CONSTRAINT [PK_dbo.Users] PRIMARY KEY CLUSTERED 
(
	[Id] ASC
)WITH (PAD_INDEX = OFF, STATISTICS_NORECOMPUTE = OFF, IGNORE_DUP_KEY = OFF, ALLOW_ROW_LOCKS = ON, ALLOW_PAGE_LOCKS = ON) ON [PRIMARY]
) ON [PRIMARY] TEXTIMAGE_ON [PRIMARY]

GO
INSERT [dbo].[__MigrationHistory] ([MigrationId], [ContextKey], [Model], [ProductVersion]) VALUES (N'201705311651073_Initial Commit', N'Kalyan.Property.Infrastructure.Migrations.Configuration', 0x1F8B0800000000000400ED5DDD6EDC3A92BE5F60DFA1D157BB838CDBEDB3E7E04C60CFC0B19319E3E40F7132D83B4356D3B6906EA94752E72458EC93EDC53ED2BEC2521249F1A7F8275152B7A7E11BB72816C9AAAF8A45B258FABFFFF9DFF3BF7CDFAC67DF505E24597A315F9E9CCE67288DB355923E5ECC77E5C31F7F9DFFE5CFFFFA2FE7AF579BEFB3BFD3F77EAADEC335D3E262FE5496DB978B45113FA14D549C6C9238CF8AECA13C89B3CD225A658BB3D3D33F2D96CB05C224E698D66C76FE699796C906D53FF0CFAB2C8DD1B6DC45EB77D90AAD0BF21C97DCD65467EFA30D2AB6518C2EE6BF45EB1F517AF231CFB6282F7F9CDCA40F795494F92E2E77399ACF2ED749847B758BD60FF35994A6591995B8CF2FBF14E8B6CCB3F4F1768B1F44EBCF3FB608BFF710AD0B44C6F2B27DDD7558A767D5B0166D454A2ADE1565B6F124B8FC89F0692157EFC4ED39E323E6E46BCCF1F24735EA9A9B17F3CB479496987BD97C26B7F6F26A9D576FDAB87DD288EB84917A31335778C120849156FDBD985DEDD655C9458A76651EAD5FCC3EEEEED749FC1BFAF139FB8AD28B74B75EF303C143C165C203FC88B6F7093D90E125ABF96C21D65BC8155935AE4E33EE9BB4FCE96C3E7B8F1B8FEED788E184E3D16D99E5E8AF28457954A2D5C7A82C518EC5FC3E4B91D2B2D40EFD798DCA2859DF585B35537B93E44559FD4BC9609C63F59DCFDE45DFDFA2F4B17CBA98FF8CF5F54DF21DADE80342F94B9A6065C775B084AC0DBD8DC669E7E353CD436D234BB99186A8571B37C5655C26DF5833AFB26C8DA2D456ED72B5CA51512C87660169E76CE876AEB04D1898D3B7585F824BF37DF42D79ACF5D0A85AF3D927B4AE5F2B9E926D332B9C88AFDC31E3850ADC913CDB7CCAD60A21FEADBBCF51FE884A3CA4CCFAEA6DB6CB63A9FBE78BD6161B2DB43C96BE665AA4B747B6FAA683ADB65B4DBBADBE59A19AE7562DC9523CDEB8ACDA1B5A232B047ECC9378F0865EA1559E651B898B963A51F9E45DE963947FAD47E051E77283D2A44C507173ED55EF9AB335D5FF9F938DF36C3CC6D446ECFAE03328D3F422CE936DE3410E8C5BAC7E6370F0F5A6B685D37A2061E6DE6C83515E0E0E869B4DF488066FE572BBCDB36F68659AE92DCDB879BB28AAE6A0C1DBB9CC513434CFE20CAF83F3A91DB02043892AA7C7D3998E87773EAF13ECCF24717963C44B80863E67C34CDA5A4757705B87F072A9EBEAE0E55287D8B9EFF5ECFE03EC3729BB139B133AAD7945F1CB75EF414EB9CB9A821A523BB7E51A5A868B2FDA782EBD0DB1DD7971C164D07BF3A721745C4E386DFDDCA2FC1BB613BDF77C9A59D09B8C16E38420086E5276C79C721ED04AA1A286EA1B5D1590D982B07643D63A9B7D71ED369135D85D5206F354295478AABED16BA78149BFAF3120848EC6C0C9180CB25EB2CCBA896606F354725967F466A0132099EAF40524217404E4C101D2D342CA80D4DBD05E7BB1B5EB156E2BB6267704A7F34E2CFD59B5D7D7870A7B0A2748949D0FBD4AD2A85AE0734A84FF85B5C8B34178ABD39348DD5B2C85A7C137A174E76D9D3D56FF939EAEAB32CB798F660DE73B8EE670C1308AEA05873100AF694700BD1BE4C8AA194C282B59D5391A496723196616F7B5248329B8C3B64B0FD5D06DB998D4A8DB864BBDA1DC7BB7055339AAC2335505F980080F30DC0ECF956EC7B52AB86BD0D9AA0C7BA8CC1D6D49AF99E22AC8E6E3D571E7714C75E8E6A986D287FA202B9C423490F7570879C65055C57983B039998316BF55C95DA323DCAA973D553704DBA25E6A49BAD47BDBA5227354CC91E7A991A6A5E6D47A8499C9AA05CAA68FAA20CE9DA067F1904168CAEE88727046812F50674AA1B4DF6C497BD77BC26C081D5533946A6AB77326DE1ED1CF2D8E6856A63910EB1DD19C96515C8640734DE888E650685E9E0EE302F68EDAEBD6AC10C78799FBCB7FF8CF76D8B1C38C0EB2DB4A68BD1A3AEAE91D2A8AFA98A2B7D5320ED04BDFDBF8E9104A4FA91D35DF27887DB3C1BF9368F0F0D92E51D89FB8F8C1A1FA751BAD037BD9CE2A400311FBC39F523A42FF79AEAEBC37FD9C31F8367B4CD28F012E1211424704BA9F5B4745F17B969BA29087D98B0E745D628AB3E91A65C6C0ED210D768BB17FEC50518639BD01881E95E8799871EB312691B9F9209303C69D5A513DD134BDAF3DDA34560A122545A80557983D5216A9675D74072031962A3DBFDB7AEF779B7B948F7E3BB75BB018D9B76AD6C30333470419BF780E174037DA2D53E99A5547EE07DCD2C1F3C5638E7A7BFD9294424A87B3F6E18E6C40EF68AC794D17CDE63419761CA1B885651F29FFBECF888DF56C233757EEC9815AF1EA7D43FBE8EB777D860D57B08D57532BC84093B4FB4097DE235D761BEAB2EF585DE1EC0BE34EF075876D578734EC46B481F81E39AACF7D55377174AACFB26E9849C1B2CC739B5142681771CD02AB554DF5A84F1E57647AE6213820850AE5675854C8E29D741DE1725C0FA3D32097412DC420F3EE71BE3DEEA20EE8B45AD4668069B56AA7E8AF263599A36284528CB39F7F097254A685F897024B02C4752DC93B52DEC2977BACA0942FEB05C68A4445AC3F1E29A53D8264D5251596E0AB55CFBB209836D1672B8FB63D404C00015508D91E6D8DC7F98B43CEE63091C50E499BC33464CB9918A6956AA3FEC3C3AB246FAFAC77DEBBB71D4EB95A7C8756F022FC21C9376DDAC2CE07052490E46F5161BAB31F86D9B728DEE518CDB765B4D98E0320EB315EF0B68289E6F3EFD99B28C676E1755AD5EA4DEF6D167FCD76E5EBB43EA9FA52C6BE21958C4090EE5CC6312A8A3718CC6855DF05E837A75533C6D41ED7D53A4A36B0CBD5784EF485D6E7E29F2B4E9750E8BB3B50873B993A435F903BD33CD7748614FA76862C41B47D21E572571AAF13EE4953D6DB17ADB91BC661A9491D9D1667A725842B5BF3DC12F710C6C4D72DFD3D5AEF4237E505D75AFFC2C0B526B547706DA280F3EC5BB2AA666C8735147D1993777A1F5E9ED99542EA99FEAECDD9AF4344BF0AC31CBB717F25D5E1F9B228B238A9E1AA04FC283985C53E619F65E69E60B8E1909AB009B30B4337D962B0E2EED579BD171DDA61A7CE6D3BDCB78FC426FEA03481D188F2CA3E4695138FF52C4AD252856E92C6C9365A3B8F5AA2E0381F54C2626DC925D7688BD2CA943BB3C4A5132215B84BAC65494F6DBC3B5F701833434F4D4FA943822157650B0096F0D41D618644B71CB06856E54160A51DDA0868D20EDFA56D2E5DF124E8B9D42407D6C95AF33E84248DC44F4F4E4C60D2350040CA6C130321CB32E011F065E1884B0F1834AB8FC64C82333567A90E008604A6ADE859165C772B65481D3D9695D20E6D04146987EFD236979B7D12F4D01E09478A249B9DCDEF01EA981CAC6605E6EF5E41CD186C16C9963BA88F6518F9884E9681313E5E160DFC9E147F70BA5447CFDB1D83BD9DFCFDC2A171FCE3BBFBFDB138B1C7DF6661D3C10148C9D68AFE0A98E04CD802121E7213667DBF6110F8288318012ACA585DDAA417D3A771ACDA4C605ACF07480BC6B9524DB2230F470AC8B567465728F74919C7187E93325A27878926649CC6400879ACB47A0D27B5E2444953AB79D80A38ED9B056DA10C0634A0318C06346827C3D1E60B9CD4AD710AC2B7B91E7E11F9AA27025E44F1F780FC6E8B69BB31B04BE4C3AC113D241FE6F9384C9A2BB6FB007A4DA0BC23CC6C51F35A7C91BB089DF16DBB163831B0CD7C191FD16676396DD4B6F7DBF717B6CB7EB85D4E06DCE59E2377B96FD05DFA6097E506D807E4F6F22EBA7A153DBD89FDF622F6CC7B08ED35EC93B700A7697044912517911645D01E8B07782DA9222606AF9129E383D7C8AC0EE0A5C94526012F7F3B460716F0AA4C8B0912CE28834F1ECD87F41AAD518966D5EDB62CC54BDBA888A3951A93B3C02DBB740580677BDF66105C028C18017EC0985D5A85EFDC8C042B210258274C381C5894E658C002A38FA5BE90E8D941A005F162046C41C37669567BF76B3C7091886EB340E5F0EE29C12545934B7D21B1AE03824BE4C568E012877D20E06AE634B33CA578FD29A1255E0F186F420418311AAE8431EF19AC9A98E03A516192A29CEEE5D771ECE8FABE2A40DFA10C9FB88F24B8BD2021CCB2E02BC2B7A8A4515B5C14F1AC8D4456237595958048478EED5369C9810716826D1017D02D1A4165A141021F21122C04D5428244254124587C98236BE89731B59C2171128EE46A191BA835DB11362EE3A503C8E17A3968A9DC1CC32A75AF5C44539F63815C6D0EEF6C4DD7A75A303AD891A295469D061426413E91E340821E36E8E8B4074D1662F4D30210A1F60306162224393C448325A0770498B033A08599F0961F65137AD9FE801F4991E136EA5EE281F7A86D4D809BA236DA6EBD77EA35595B2BB4C8734B6D3AFB43145ACFC081888E805B17E84550900459543990A157384132C47D96C870D3B36EAE132EE2CCB80AE0BCA7BFB6036EAF192EEEB0110293AFE2A1785DD5E1280B6393BD4A91390E8C53AF9100FCB2DC351106A3BF6DC28DA1F5020C6CD1DF2FE1B9D1F6BB372F749722008E38DD9F104663BB41E13226278200932C60ECC02A35AE1F609225F85F188D3EFC9F1B47EBF919F8A20FF81F0836BC77A77C735D6F7CAC41EDA08D3085B50312275E9083F13105B20384E9F882710F8EB1B61B6F6F0E9AC3B2C398F009F8C87DA359E59926745818821A3CCC75175A40686A43DAD62C69FA5B1DEEF3B780B9D184C48AD6410D8AE50D0C590299CC8B1A066BE15317618A5F240504AA0FF514C502067BF21D6E576D26E982F19D56C6F530076E0982F5D6C13FB611D467AFE84640BD1D5635DDDB3598959645A125A2CB306B15854BC49D891796983B3D137441305D83ECF680DDCBCEFC56B7AC3B078B0DCEF1E5342CEF6A6B7ADA98AEB6C5D7A6EC912DD17CFDC4CA6987701C1307CC01397A0E401B6AFEED8CC3693E060460A8364444180F1424C2751BDCB0D21200C6CDED65F51EB0989F4C1DB13E7AC11EBF2075D93C6630EA40A240BB1968D474174D376AE858DD7EB0DE61D4D271B844817633D0A809727483068E7BAD07BE1D862C1ED3F60437CD3CC44E1959D9F9E2367E429B883C385FE05762B42D77D1BAC988450BDE45DB6D923E166D4DF26476BB8DE2CA97FFE3ED7CF67DB34E8B8BF953596E5F2E16454DBA38D924719E15D9437912679B45B4CA1667A7A77F5A2C978B4D4363110B1C95CF44594B6596E365AD545A2D2356A84EF47A1D95D17D54E55DBA5A6DD4D7E43355CD3E326D4E3D36558546B797699DEAFFA69E25DF587BDEAA9E4713626FF06037D551769D4E0EDAAA55EBE2DAB771B48E72DA2E1945B2C23CC9D6BB4DDAFE9631A8AF2D6E43DC48B4D45277CA5C7E5E9E24F7D89D569B819727D53EF5186F9362571864F3C89D469B9A9F27D33E75A774B95AE5A8A89C739E52FBD49BD21948E9CC8752B321C15381B772F414C81E044F023C10AE292C249550C232144D944CA3ACDC4EAA6FDF85EFACFE528884BF0DB011D0C252525E3F7515371C04F11BB722F414B98B508201D0DF8FD2D37A855679966D444AECA1079DA87C0208B1A71E8624CABFD6F9080553421F7A282E9F7149D05D532A263DBD6B45F7AE35AA679B1254832B96781B27D036759BACB8AFA5C2F315F7820762D9277D05C0B2A7EE94485E749E0C7934EE5475956D2A1B53C81A4D9F7A4C7AE4D841B030E051841109DB6D9E7D4392A56A9F7AC8AA39EB9528B54F3DFA542FD285FE80CB763D8598062BF144623882C944C767E2D4D1882A0F52A4411E798C477101624F1780863AC97312FFDC9D1ABB96C893D2DE559CCCA9309D5A775F4D9030C90E6B095DCD611C082EF59B00607D46383D2D2ED925A0DD30AD8984CE025302CA9CC6B5FACB5C5B731899AB93A56EA29C483A2CFE23A07468C8B0BF74B435FF49A5638DC4E8BD086BA2B1BBAFC134F58791171F58A3DB89D1DD71B6530DBFC323306909D305C3E14D44FBAF5FEA263F46D5D78D1467B5793CE456CFC4AAD4846F0DA049F5EABFBB22C1D5A7B67B072FF6264E2AA4BB09847CB9F89A60B5E7235ED366A93C1A5D96C7C940A20970EB8C11889E0346E06ACF1F232CC5A3B2AEDF2B949080BC908E32146AE8E226C3F59E3F52B8348FE2769D36FBE3743685458186342C64CBAC836DD1D57C3EA0994CD0E482655039373733BBC85953735FE5BC370701D8412BD14A5D5D0905DEF45EC947C5ED63775AEF5051D4AB449E127BB8579AD0DE130EAC0EEC80B59B4EE8AB0FA318B8CDCD06FF4EA2B53C57710563AEFA3F29C71E9F3C4F3D6EA3B57CF812A937631B004D02C0F66E7940F0B14BE9FEC0D357DD576BFC4FB6F063790402E2852620F0878BB6E640BBA9E433DF7284067D3AEE1CDEDFC0D5EC9359C21EEE0DE6A4C874CD15C2DEDB9106F21EBB92462ACFC788ED071406D996A629467A63C05DFE5245DD890A577CD01148EF779BFBEA13C0CAF283164C131148568270B862876845496CF217080C12B67DACC0DEE650F16CBE7133632D1EB1AD7ACC916AC09A879D65E620ABEE3292D2F41ADAD065F2DD173B6C5A2F0634C93D57B55ED48E53755888341662386C80F4FD41A12133D07A4235A5DE86F450F130B0A90863228EA6611028E86E4576163E48D041DC9A7A530B7822B1B49745038A86A503F4978EBEAA8EC534132FCF645D765E3D159AE05ED8F9D524BD9F5458C105D5458734F586D1A1E77B03B45AF07C787895E47290A15030EE62BDAE80DDE48724DFC8D762E432FF5DD4BF45853454B1C4E79E40BCCB2B3C96D1662BDF15108AA6DBA8E0AA69380ABFE1B134FF3D7B83973359FE3A8DEED73275B5D4679F38FE9AEDCAD769BD2CFF52C6F28EB152DC8136D067B9CCE302561CA3A27883218A56752087741B4B2D76A75D193CD56EB44FF76A8AD0E61AE9354F34B975BBCD159ABAC3CC17611C82BACBC0B660FBD893D6DFA3F50E22469EEF1582B4795B7A21A849ABDC0D419ABAC6532EFCEC5BB2926DB954E4B58557D7F90DFD90D7EF5CC150381D140D4AFA17F915D63A79C27EB3F42F24F58A9013A61E7995E1A51E7141D2C0C8B9589A57E633CA463C81FF284AB439A95E38B9FDC7FA6A9DD43118F48577519A3C542BF5EC2B4A2FE667A7CBB3F9EC729D4445938787649979297F10C329EDCCF2A72AED0C5A6D167275FFE4351595A2580967D59C12D1790B4ED6728EE124CBB8DDAAA0DF2151D3B49C2FE48AE712F0AA3A4DC6F3A462EBFBDD7A5D4DB617F387685D28A648AEDD1E26D0AB3E1C2DE51B2437E90A7DBF98FF575DF9E5ECE63FEFE4FA2F661F722CD497B3D3D97F7B77865B0434BD48BF4579FC1461C57E177D7F8BD2C7F2E962FEF3294FB8FE128A856EBB22084A96AC10084D85E0D29B60BBD1D3D0BC4F4A5F126D9A98A0436D73C60425DB249109C7407231BE2B41DEEA1A955C447D174D57A705BBA64BDA594FAC7F45D8BE57C76D1FA3B244795ABD85EAEE7A6B9F98D225A89CB9C3DCA07459B217D0003A5160595E3A9360F95D3A53B8E4B3BAF8D95FAEAACEF4BAF4E09AD39B15FEBF4C2A6BE9C907F273004BCBD2C284B5DFD0417A58DCB3188DA064C936D080935920F3CE52CA04254B33CC8485184B37D39085A82EBDE5CF32CF0424DA24A2093A78969666A8A9384C3749CE9ACECE511CD8DDE013D784A3CA62717AF0CED993B984F2C18CE6C2787A285CDA18BF599255ECB73C6933CDF835CF2A7A34EF2C4130BBCBBE4AB0F764E8CC1630ADCA912DB4612087C9C12E5CE84F1AC7D76D07A3A9DDCB40ECD5668A28E9D601B94FD228FFF16F9BE8FBBF7BD3B42D139C88703957C2BA85E6DD933E3696C7C833511A4F93E326D9E124A0DEC63872BE17E7E1CD387F9BD5D41AC2B15153833C0B91EF91C459BE114F6FBAA93684CC812C1FCF42E8934D71D0A60C4B1CE2A9E9B4E220CA0EE5EA7856A2573CAE897D1A306BC6B3E038B8CB76EA6F62856DD640665BD866BD4F1EBBAC16850B563D9D712E3747B81D2C96A6C3A2017DE10BDFFD39580C0B693282CE1B218E773E717BAF81BAD5A4D21863DB03CE4A71B048D957D7425D41845176304BC4C14AAF4D37117611E87B2C38DE960FCB4831E616A7368FC3C102672FD4BEAB1CBAC84022D1452400890125746807FEF416C4B0D13ECEE764B462AF8D6F21D7C32001239A1C0FDD36FB4162818E21868A6B918EA85D874CAAF5936EC0C50FCB2ED1DDE591A418040A012120659FE8D5AD86C8109B3F0655788633F7A14DDC40428583958360B60E4D10CF541FF6DF9305AED43F33CEDB66838A03D57FF5E317B39BE24B9A604CBE9C7DC692A926024E74673FFF128AF170FE0037DEEB2E5F01AFC2A901ECA2A24DF84DAB4DAD5ED33BEDB05FC34DAD2126702083C0C12A88F61252A7031CDDD5A34EC4C018ED4E948494043DBD68FBE254B208CE2B5EEE127D0F0F5D484910807752428250728597E27DE90561A19A79A03B2D20D540BF730939C540F7AE0139055C77B2E1B9A1DB5C4B6B4E30D70237FB0FD68E4F363973490502E8329F55C09B9C97F0814BF96EC2B7DCC187F775F577EC9D7D393BC4A49E19A6A8E5D9AF5D3659DA5104A63D127A7500B92C8A2C4EEA66944DC52A36F98E5D73571646D8B2D7CB05E5962C194B75A7FF442E7AB75B97C9769D543774EA2B510B1DD1F67E3D4F8F7B2A92FA83420AA30AE5954D892AFFA228F32851D32F7CCC93344EB6D11A1E8AF4BAA349ACD8CD08CB25D7688BD2CAD629E374694CEC1FDC346B4152221B43CE171C1ACC20217751DA5BA95A6CD05B2BBC10D9330F3490EB4B0216E8B34190A0FF0C73780868BFF2AD3665F80AF62892277D95AE30E8E5EF21B8D3931313043A5B994080F091524F4074B04297FCD5F24990412E6239D8047A658B17217BB6CF3641FFF1EF496D02775D7212C9D31E5572608601FAAC37A0CDBCFF2CE87253E08E06A15D90222919D46F50B7EE87818738261FCF819E5C4E8A14E25C7A6225A87FB91F7819CFCFEC8E98897DCD2AD8F00E08EE6A457925CF0257C014609C49B84C0BCD34523F1844F29AEF27879F40E08F23A9EDE83E5C368ED350DD03BA036E8071DE029F60A2F1159A27EEF2750248281F41F3DDE3E002760692F66BD3E3A86F73E1E70EBAF1C549484C4CD208893E7317B4235642A9B2F68BC5C185ED8E2AC3F7A2479DE281181F39D0C83EE3438142D0540DBEE7EF0BD00856431303FB036E9FCF19CC39D07F504DEF1E387E086B0AF0D551409D5127C4104158202F1C30CE749FE2D90B8019BE0CB73F605A1ED1741868D27EF96E0A2CF59A0D6DB3E0C1CF7E0734EBEDD36C57ADF83A834A590283E5070C2AE7F5F0F4A0D27D43721450D531B07750A05F2BDC264E9617297922E3431EC087F41AAD51896655086F95DAFD2A2AE268A59E922F7063BAD659B028DF81F6E12060D27DB62C387C0C1FE152DBD27DEA6A14A0D410B983BE5A22C9AA50043526529A5027B907E4E92058D17D9E6B10ACE8BEEFE21A5B332A58A00F94EC15589AD028B907E4E9E18345F72997BD040B7419639FB032F614342A529CA7A01181F25AFCD80DDBEF943E4CA340867C3F87064AB411646D489C1A5DD67CDEE662BEBAAF02D09AB83AAE58F17BC546E46349A525F905A839F91D4B9B2CF4411D162D0107450B2DE459D096429E9540E459A1853C8BFF50C8B312883C2B74140839D3D5CA83949BC4415E716CB0598C6BDB6B8A4DCD356FD8645FAFCE54C1D78F41A9D72516AA57309CAEB458BA720112399151E5DC3C07A5DC14D9BA4BCF8BD41ED312B0D3B4D04ABEC9A306912725307952E840BE3DBB00DB688B750DB56F585A637992D496DA22A895B6D4D2024DE5A336C04A20FAACD051BF84ED09AD9A096F99B44D78D1AF0BF6E69D9AF66DD6821BE3DB0EDDF14215BCA36DEB1379CDA133E00EAEAD176E8C7166881323C87688D228790E35438A2C845B1F53A1DD1641E4DB2F86BB3401F59D3CD71177234CD6DD207152A66B80EC34B8B442166C602BA44CD70A59A2CAAD702EA9CECB13AE4ACCB80AA0CBA7BF58016EA38A8E64FD7D4DB37B2850517CDE9A80DE9D5D88C37560857A2100E080E5D680D065C9DDAC3BACF125C5A18A5E7033508D8BEB3F4C5DF43B3058A740F9AE5D0F83910E0C5083BC81A15B22C185CE4B7E7FDD6B8D533FA29C4D11CD06D5B606408372E32728416AD0540352105635020978B1D29D2170E0AEDDDA7933A59FC11B8F316D742AC0044DE8AAD0D52B19C5D0224A843EE7EB36B887BCD50EBADDC662424AAD89D414B5995FDB35BA0C2DDDFC19D0453242E021241D7D64A2D841715DD9F4115E347661460F6D748AB13328A77F8C1EA865869588A0730E4B0A137D13CDF04CD5C48ED9B9E91274661AA6B06A82C6AA8B63D96BC62D3B734EDDC27FB6ACEBAAC03D15D7A6B0FBADA870D88B9D690EE132A6412AB3B0C316D2844CE3C33A00DE68A33E842E0BDB1A7547C12D05CD511957AD7DD87B6042180230327D9802749E28F5D13E34614383D5234F030D8EEE49E806071DAB07199CB08FC2EA91A781064710A41B1B1878136068212049936AB023495676BE68F697C803FCB3CC72BCE07897ADD0BAA89F9E2F3E611732D934E938CEAF51913CB624CE31CD14C5C211287BA7DAB3A11642EA117D85161356BFC34BA65554469779993C60D70B17572990EAAF99D73967AA445CF76875937ED895DB5D89878C36F76BC1BFAD4E744DED9F2F943E9F7FA8931217218680BB9954A9A33EA4AF76C97AC5FAFD064876A221511D1593C443952CCB2A01D1E30F46E97D9D74CD8510611F3BE1FE8C36DB3526567C486FA32A33A57FDF30FCDEA2C728FEF19165B1D111B10B4264FBF975123DE6D1A62034DAFAF827C6F06AF3FDCFFF0F2486440ACB7E0100, N'6.1.0-30225')
GO
INSERT [dbo].[__MigrationHistory] ([MigrationId], [ContextKey], [Model], [ProductVersion]) VALUES (N'201706021635078_Gender added', N'Kalyan.Property.Infrastructure.Migrations.Configuration', 0x1F8B0800000000000400ED5DDD6EDC3A92BE5F60DFA1D157BB838CDBEDB3E7E04C60CFC0B19319E3E40F7132D83B4356D3B6906EA94752E72458EC93EDC53ED2BEC2521249F1A7F8275152B7A7E11BB72816C9AAAF8A45B258FABFFFF9DFF3BF7CDFAC67DF505E24597A315F9E9CCE67288DB355923E5ECC77E5C31F7F9DFFE5CFFFFA2FE7AF579BEFB3BFD3F77EAADEC335D3E262FE5496DB978B45113FA14D549C6C9238CF8AECA13C89B3CD225A658BB3D3D33F2D96CB05C224E698D66C76FE699796C906D53FF0CFAB2C8DD1B6DC45EB77D90AAD0BF21C97DCD65467EFA30D2AB6518C2EE6BF45EB1F517AF231CFB6282F7F9CDCA40F795494F92E2E77399ACF2ED749847B758BD60FF35994A6591995B8CF2FBF14E8B6CCB3F4F1768B1F44EBCF3FB608BFF710AD0B44C6F2B27DDD7558A767D5B0166D454A2ADE1565B6F124B8FC89F0692157EFC4ED39E323E6E46BCCF1F24735EA9A9B17F3CB479496987BD97C26B7F6F26A9D576FDAB87DD288EB84917A31335778C120849156FDBD985DEDD655C9458A76651EAD5FCC3EEEEED749FC1BFAF139FB8AD28B74B75EF303C143C165C203FC88B6F7093D90E125ABF96C21D65BC8155935AE4E33EE9BB4FCE96C3E7B8F1B8FEED788E184E3D16D99E5E8AF28457954A2D5C7A82C518EC5FC3E4B91D2B2D40EFD798DCA2859DF585B35537B93E44559FD4BC9609C63F59DCFDE45DFDFA2F4B17CBA98FF8CF5F54DF21DADE80342F94B9A6065C775B084AC0DBD8DC669E7E353CD436D234BB99186A8571B37C5655C26DF5833AFB26C8DA2D456ED72B5CA51512C87660169E76CE876AEB04D1898D3B7585F824BF37DF42D79ACF5D0A85AF3D927B4AE5F2B9E926D332B9C88AFDC31E3850ADC913CDB7CCAD60A21FEADBBCF51FE884A3CA4CCFAEA6DB6CB63A9FBE78BD6161B2DB43C96BE665AA4B747B6FAA683ADB65B4DBBADBE59A19AE7562DC9523CDEB8ACDA1B5A232B047ECC9378F0865EA1559E651B898B963A51F9E45DE963947FAD47E051E77283D2A44C507173ED55EF9AB335D5FF9F938DF36C3CC6D446ECFAE03328D3F422CE936DE3410E8C5BAC7E6370F0F5A6B685D37A2061E6DE6C83515E0E0E869B4DF488066FE572BBCDB36F68659AE92DCDB879BB28AAE6A0C1DBB9CC513434CFE20CAF83F3A91DB02043892AA7C7D3998E87773EAF13ECCF24717963C44B80863E67C34CDA5A4757705B87F072A9EBEAE0E55287D8B9EFF5ECFE03EC3729BB139B133AAD7945F1CB75EF414EB9CB9A821A523BB7E51A5A868B2FDA782EBD0DB1DD7971C164D07BF3A721745C4E386DFDDCA2FC1BB613BDF77C9A59D09B8C16E38420086E5276C79C721ED04AA1A286EA1B5D1590D982B07643D63A9B7D71ED369135D85D5206F354295478AABED16BA78149BFAF3120848EC6C0C9180CB25EB2CCBA896606F354725967F466A0132099EAF40524217404E4C101D2D342CA80D4DBD05E7BB1B5EB156E2BB6267704A7F34E2CFD59B5D7D7870A7B0A2748949D0FBD4AD2A85AE0734A84FF85B5C8B34178ABD39348DD5B2C85A7C137A174E76D9D3D56FF939EAEAB32CB798F660DE73B8EE670C1308AEA05873100AF694700BD1BE4C8AA194C282B59D5391A496723196616F7B5248329B8C3B64B0FD5D06DB998D4A8DB864BBDA1DC7BB7055339AAC2335505F980080F30DC0ECF956EC7B52AB86BD0D9AA0C7BA8CC1D6D49AF99E22AC8E6E3D571E7714C75E8E6A986D287FA202B9C423490F7570879C65055C57983B039998316BF55C95DA323DCAA973D553704DBA25E6A49BAD47BDBA5227354CC91E7A991A6A5E6D47A8499C9AA05CAA68FAA20CE9DA067F1904168CAEE88727046812F50674AA1B4DF6C497BD77BC26C081D5533946A6AB77326DE1ED1CF2D8E6856A63910EB1DD19C96515C8640734DE888E650685E9E0EE302F68EDAEBD6AC10C78799FBCB7FF8CF76D8B1C38C0EB2DB4A68BD1A3AEAE91D2A8AFA98A2B7D5320ED04BDFDBF8E9104A4FA91D35DF27887DB3C1BF9368F0F0D92E51D89FB8F8C1A1FA751BAD037BD9CE2A400311FBC39F523A42FF79AEAEBC37FD9C31F8367B4CD28F012E1211424704BA9F5B4745F17B969BA29087D98B0E745D628AB3E91A65C6C0ED210D768BB17FEC50518639BD01881E95E8799871EB312691B9F9209303C69D5A513DD134BDAF3DDA34560A122545A80557983D5216A9675D74072031962A3DBFDB7AEF779B7B948F7E3BB75BB018D9B76AD6C30333470419BF780E174037DA2D53E99A5547EE07DCD2C1F3C5638E7A7BFD9294424A87B3F6E18E6C40EF68AC794D17CDE63419761CA1B885651F29FFBECF888DF56C233757EEC9815AF1EA7D43FBE8EB777D860D57B08D57532BC84093B4FB4097DE235D761BEAB2EF585DE1EC0BE34EF075876D578734EC46B481F81E39AACF7D55377174AACFB26E9849C1B2CC739B5142681771CD02AB554DF5A84F1E57647AE6213820850AE5675854C8E29D741DE1725C0FA3D32097412DC420F3EE71BE3DEEA20EE8B45AD4668069B56AA7E8AF263599A36284528CB39F7F097254A685F897024B02C4752DC93B52DEC2977BACA0942FEB05C68A4445AC3F1E29A53D8264D5251596E0AB55CFBB209836D1672B8FB63D404C00015508D91E6D8DC7F98B43CEE63091C50E499BC33464CB9918A615CCF295F198274C33D579C087875749DEDE8CEF7C44603B03739D581C5AC16BFD8724DFB4D9113B9F47907895BF45852935401866DFA2789763A5B92DA3CD761C9C5A4F0B83B7154C349F7FCFDE4431363FAFD3AA566F7A6FB3F86BB62B5FA7F581D89732F68DDC64048274E7328E5151BCC16046ABFACA41BFA9B39A98A676ECAED651B2813DBBC641A32FB4AE1DFF5CF1ED8442DF4D883AAACAD419FA82DC99E6B9A633A4D0B73364A5A3ED0B2997BBD238B7704F9AB2DE2E6FCDDD307E514DEAE81B39FB46213CE69AE796F08A3026BE6EE9EFD17A17BA292FB8D6FA1706AE35A93D826B136C9C67DF92DAF17358AAD1973179A7F7E155A05D29A49E69A5BF3CFB7588205B61986337EEAFA43A3C5F16451627355C95B8222575B1D827ECB3CCDCF318371C52F342617661E8265B0C56DCBD3A7DF8A2433BEC70BB6D87FBC492D8C41F9426301A515ED9C7A872E2B19E45495AAAD04DD238D9466BE7514B141CE7834A58AC2DB9E41A6DAB35585A3AB3C4A5132215B84BAC65494F6DBC3B5F701833434FCD82A943822125660B009657D51D61867CBA1CB068F2E64160A51DDA0868D20EDFA56D2E2BF224E8B9D4E420D6C95AF33E84248DC44F4F4E4C60D2350040CA6C130321CB32E011F065E1884B0F1834AB6FD34C82333535AA0E00863CA9ADE859B25D772B65C8503D9695D20E6D04146987EFD23697027E12F4D01E09279724699ECDEF01EA981CAC6605E6EF5E41CD186C1649CA3BA88F6518F9884E9681313E5E168D2F9F147F70565647CFDB1D83BD9DFCFDC2A171FCE3BBFBFDB138B1C7DF267BD3C101C8FCD68AFE0A98E04CD802F22A7213667D8D6210F8288318012ACA585DDAA4F7DFA771ACDA84635ACF07C83EC6B9524D4E250F470A48E967465728F74919C7187E93325A278789E67D9CC64008E9B2B47A0DE7CEE2444933B879D80A38BB9C056DA10C0634A0318C06346827C3D1A6259CD4AD718AF5B7B91E7E81FFAA2702DE77F1F780FC2EA569BB31B04BE4C3AC113D241FE6F9384C9A9BBCFB007A4D3CBE23CC6CC1F95A7C912B0F9DF16DBB7D3831B0CD7C191FD16676396DD4B6D7E8F717B6CB7EB85D4E06DCE59E2377B96FD05DFA6097A520D807E4F6F22EBA7A153DBD89FDF622F6CC7B08ED35EC93B700678370449125E5911645D01E8B07782D19292606AF9129E383D7C8AC0EE0A5394C26012F7F09470716F0464E8B0912CE28834F1ECD87F41AAD518966D525BA2CC54BDBA888A3951A93B3C02DBB740580677BAD67105C028C18017EC0985D5A85AFF68C042B210258274C381C5894E658C002A38FA5BE90E8D941A005F162046C41C37669567BC56C3C7091886EB340E5F0EE29C12545934B7D21B1AE03824BE4C568E012877D20E06AE634B33CA578FD29A1255E0F186F420418311AAE8431EF19AC9A98E03A1F6292A29CEEE5D771ECE8FABE2A40DFA144A2B88F24B8BD2021CCB2E02BC2B7A8A4515B5C14F1AC8D4456237595958048478EED5369C9810716826D1017D02D1A4165A141021F21122C04D5428244254124587C98236BE80738B59C2171128EE46A191BA835DB11362EE3A503C8E17A3968A9DC1CC32A75AF5C44539F63815C6D0EEF6C4DD7A75A303AD891A295469D6D142641BEC4E340821E36E8E8B4074D1662F40B0610A1F63B09162224073D4483E5B9770498B033A08599F0961F65137AD9FE801F4991E136EA5EE281F7A86D4D809BA236DA6EBD77EA35595B2BB4C8734B6D3AFB43145ACFC081888E805B17E84550900459543990A157384132C47D96C870D3B36EAE132EE2CCB80AE0BCA7BFB6036EAF192EEEB0110293AFE2A1785DD5E1280B6393BD4A91390E8C53AF9100FCB2DC351106A3BF6DC28DA1F5020C6CD1DF2FE1B9D1F6BB372F749722008E38DD9F104663BB41E13226278200932C60ECC02A35AE1F609225F85F188D3EFC9F1B47EBF919F8A20FF81F0836BC77A77CDA5D6F7CAC41EDA08D3085B50312275E9083F13105B20384E9F882710F8EB1B61B6F6F0E9AC3B2C398F009F8C87D0A5AE59926745818821A3CCC75175A40686A43DAD62C69FA5B1DEE2BBB80B9D184C48AD6410D8AE50D0C590299CC8B1A066BE15317618A1F3E0504AA0FF514C502067BF21D6E576D26E982F19D56C6F530076E7988F5D6C13FB611D467AFE84640BD1D5635DDDB3598959645A125A24B646B15854BC49D891796983B3D137441305D83ECF680DDCBCEFC56B7AC3B078B0DCEF1E5342CEF6A6B7ADA98AEB6C5D7A6EC912DD17C64C5CA6987701C1307CC01397A0E401B6AFEED8CC3693E060460A8364444180F1424C2751BDCB0D21200C6CDED65F51EB0989F4C1DB13E7AC11EBF2075D93C6630EA40A240BB1968D474174D376AE858DD7EB0DE61D4D271B844817633D0A809727483068E7BAD07BE1D862C1ED3F60437CD3CC44E1959D9F9E2367E429B883C385FE05762B42D77D1BAC988450BDE45DB6D923E166D4DF26476BB8DE2CA97FFE3ED7CF67DB34E8B8BF953596E5F2E16454DBA38D924719E15D9437912679B45B4CA1667A7A77F5A2C978B4D4363110B1C95CF44594B6596E365AD545A2D2356A8CE277B1D95D17D54E55DBA5A6DD4D7E43355CD3E326D4E3D36558546B797699DEAFFA69E25DF587BDEAA9E4713626FF06037D551769D4E0EDAAA55EBE2DAB771B48E72DA2E1945B2C23CC9D6BB4DDAFE9631A8AF2D6E43DC48B4D45277CA5C1A609E24F7D89D569BE89727D53EF5186F93C9571864F3C89D46FB05009E4CFBD49DD2E56A95A3A272CE794AED536F4A6720A5331F4ACD86044F05DECAD153207B103C09F040B8A6B090544209CB503451328DB2723BA9BE7D17BEB3FA4B2112FE36C046400B4B4979FDD455DC7010C46FDC8AD053E42E420906407F3F4A4FEB155AE559B61129B1871E74A2F20920C49E7A189228FF5AE723144C097DE8A1B87CC62541774DA998F4F4AE15DDBBD6A89E6D4A500DAE58E26D9C40DBD46DB2E23ECA0ACF57DC0B1E88655F0E1600CB9EBA532279D17932E4D1B853D555B6A96C4C216B347DEA31E9916307C1C280471146246CB779F60D4996AA7DEA21ABE6AC57A2D43EF5E853BD4817FA032EDBF514621AACC41389E10826131D9F89534723AA3C48910679E4311EC505883D5D001AEA24CF49FC73776AEC5A224F4A7B577132A7C2746ADD7D3541C2243BAC257435877120B8D46F0280F519E1F4B4B864978076C3B426123A0B4C0928731AD7EA2F736DCD6164AE4E96BA897222E9B0F88F80D2A121C3FED2D1D6FC27958E3512A3F722AC89C6EEBE06D3D41F465E7C608D6E274677C7D94E35FC0E8FC0A4254C170C873711EDBF7EA99BFC18555F37529CD5E6F1905B3D13AB5213BE358026D5ABFFEE8A04579FDAEE1DBCD89B38A990EE2610F2E5E26B82D59E8F784D9BA5F26874591E27038926C0AD3346207A0E1881AB3D7F8CB0148FCABA7EAF504202F2423ACA50A8A18B9B0CD77BFE48E1D23C8ADB75DAEC8FD3D91416051AD2B0902DB30EB64557F3F980663241930B9641E5DCDCCCEC22674DCD7D95F3DE1C046007AD442B7575251478D37B251F15B78FDD69BD434551AF12794AECE15E69427B4F38B03AB003D66E3AA1AF3E8C62E036371BFC3B89D6F25CC5158CB9EAFFA41C7B7CF23CF5B88DD6F2E14BA4DE8C6D00340900DBBBE501C1C72EA5FB034F5F755FADF13FD9C28FE5110888179A80C01F2EDA9A03EDA692CF7CCB111AF4E9B873787F0357B34F66097BB837989322D33557087B6F471AC87BEC4A1AA93C1F23B61F5018645B9AA618E98D0177F94B1575272A5CF1414720BDDF6DEEAB4F002BCB0F5A304D44205909C2E18A1DA21525B1C95F203048D8F6B1027B9B43C5B3F9C6CD8CB578C4B6EA3147AA016B1E76969983ACBACB484AD36B684397C9775FECB069BD18D024F75CD57A513B4ED56121D25888E1B001D2F7078586CC40EB09D5947A1BD243C5C3C0A6228C89389A8641A0A0BB15D959F8204107716BEA4D2DE089C4D25E160D281A960ED05F3AFAAA3A16D34CBC3C9375D979F55468827B61E75793F47E5261051754171DD2D41B46879EEF0DD0BF5689A2A535317DE6B727F8E1E15592CBA18A42C1B84BFEBA0276B61F927C235FAE91CBFCF762FF1615D250C5129FDB06F12EAF505D469BAD7CE340289A6EBB83ABA6E128FC86C702FFF7EC0D5E1465F9EB34BA5FCBD4D5529FDDE6F86BB62B5FA7F5E2FE4B19CBFBCE4A7107DA409FE5328F6B5C718C8AE20D86285AD5E120D29D2EB5D89D76653655EBD33EDDAB89469BB1A4D76CD364E8ED36E368EA0E33EB84712BEA2E039B8BED634F5A7F8FD63B881879BE5708D2667FE985A0263973370469EA1ACFCAF0B36F89324D4B455E1B81759DDFD00F7917802B180AA783A241492223BFC25A274FD86F96448624701132CBD423AFF2C4D4232E48321939A34BF3CA7C46D98827F01F45893627D50B27B7FF585FAD933A9283BEF02E4A93876ABD9F7D45E9C5FCEC7479369F5DAE93A868B2F9905C352FE5CF6A3825AF59FE5425AF41ABCD42AEEE9F02A7A252142BE1C49B53223A6FC1295FCE319C6419B71B1EF46B266AB297F3855CF15C025E55A7C99B9E546C7DBF5BAFABC9F662FE10AD0BC514C9B5DB23097A6188A3A57CC9E406FBC4DF2FE6FF55577E39BBF9CF3BB9FE8BD9871C0BF5E5EC74F6DFDE9DE196124D2FD26F511E3F4558B1DF45DFDFA2F4B17CBA98FF7CCA13AEBFA762A1DBAE2B829225EB0C425321B8F426D86E173534EF93D297449B6C26E850DBCC3341C936A968C231905CAFEF4A90B7BA46251751DF45D3D569C1AEE99276D6132B5EA6A2BC3AB4FB189525CAD3EA2D5477D75BFBC4C43041E5CC1D0907A5CB52C68006D08902CB15D39904CB12D399C2259F1BC6CFFE725575A6D7A507D79CDEACF0FF6552594B4F3E909F03585A965C26ACFD868EE3C3E29E457A04254BB681069CCC02997796982628599AA7262CC458D29A862C4475E92D7F96BF2620D1269D4DD0C1B3E436434DC561BA4932DF74768EE2C0EE069FFE261C5516D1D38377CE9ECC259455663417C6D343E192CFF8CD92AC62BFE5499BAFC6AF7956D1A3796709823962F65582BD274367B680C9598E6CA10D0399500E76E1427FD268C06E3B184DED5E0662AF36534449B70EC87D9246F98F7FDB44DFFFDD9BA66D99E04484CBDC12D62D34EF9EF4B1B13C469E89D2789A1C37C90E2701F54EC791F3BD380F6FC6F9DBACA6D6108E8D9A60E459887C8F24CEB296787AD34DB521640EE40A7916429F6C8A83366558FA114F4DA71507517628E3C7B312BDE2714DECD380B9379E05C7C15DB6537F132B6CB30632DBC236EB7DF2D865B5285CD3EAE98C73193EC2ED60B1641F160DE80B5FF806D1C1625848B61174DE0871BCF389DB7B0DD4AD2621C718DB1E706E8B8345CABEBA16EA0A228CB283B9260E567A6DD28AB08B40DF63C1F1B67C585E8B31B738B5D9200E16387BA1F65DE5D0450612892E2201480C28A1433BF0A7B720868DF6713E27A3157B6D7C0B1923060918D1648AE8B6D90F120B740C31545C8B7444ED3A6452AD9F74032E7E588E8AEE2E8F24C52050080801298745AF6E354486D8FC31A8C2339CB90F6DE206D2321CAC1C04B375688278A6FAB0FF9E2C7031FF9971DE361B541CA8FEAB1FBF98DD145FD20463F2E5EC33964C351170A23BFBF997508C87B310B8F15E77F90A78154E306017156DC26F5A6D6AF59ADE6987FD1A6E6A0D31810379080E5641B497903A1DE0E8AE1E752206C66877A244B31B0420256437E8E990DBD7B99271715E3C73F7F17B38FB42768300BC93721B848208BCAAEF4B2F080BD52406DD6901590BFA1D71C8D90ABA770D484FE0BA290E4F33DDA66D5A7382691B481270B053C264F33C979F20802EF3090ABCC979091FB8DFEF267CCB757E788B587F5DDFD92DB4434CEA99618A5A9EFDDA65BFA61D4560DA23A1570790CBA2C8E2A46E46D99FACC29CEFD88D79658D852D7BBDF2502EDC92B154E9014EE4A277BB75996CD74975D9A7BE5DB5D0116DAFEAF3F4B8A722A93F28A430AA505ED994A8F22F8A328F123593C3C73C49E3641BADE1A148AF3B9AC48ADD8CB05C728DB6957B9796CA385D1A13FB0737CD5A9094C8C690F30587063348C8B596F682AB161BF4020C2F44F6CC030DE426948005FA6C1024E8BF0B1D1E02DACF8EAB4D193ECB3D8AE4495FA5DB107AF97B08EEF4E4C40481CE562610207CA4D413101DACD0257F4B7D1264903B5D0E3681DEFEE245C89EEDB34DD07F8D7C529BC0DDBC9C44F2B447951C986180BE330E6833EF3F0BBADC14B8A3416817A4484A06F51BD4538061E0218EC9C773A087A093228538979E5809EA5FEE075EC6F333BB2366625FB38A5BBC03E2C45A515EC9B3C01530051867122E6943338DD40F0691BCE683CEE12710F86B4D6A3BBA2FA98DE33454578AEE80CB649CB7C0E7AA687C85E689BB7C9D0012CA47D07C8839B8809D81A4FDFCF538EADBDC1DBA832E8F711212739C3442A2CFDC05ED889550AAACFD84727061BBA3CAF001EB51A778205C488E59B2CFF850CC11345583EFF9FB023418D6D0C4C0FE80DBF77C06730EF45F78D3BB078E5FE69A027C75405167D409E1481016C80B078C33DDB781F60260864FD5ED0F989647341D069AB49FE29B024BBD6643DB2C78F0B3DF01CD7AFB34DB552BBECEA05296C060F90183CA793D3C3DA8741FB51C05547538ED1D1433D80AB709B9E5454A9EC8F89007F021BD466B54A259150D5C6589BF8A8A385AA9A7E40BDC98AE751677CA77A07D38089874DF510B0E1FC357C1D4B674DFDE1A05283544EEA00FA048B22A14418D899426D449EE01793A085674DF0B1B042BBA4FC5B8C6D68C0A16E85B277B059626344AEE01797AF860D17D15662FC102DDEBD827AC8C3D058D8A14E7296844A0BC16BF9BC3F63BA56FDC2890219FE2A181126D04591B12A74697355FCAB998AFEEAB00B426AE8E2B56FC5EB111F9585269497E016A4E7EC7D2260B7D5087454BC041D1420B7916B4A59067251079566821CFE23F14F2AC0422CF0A1D0542CE74B5F220E5267190571C1B6C16E3DAF69A625373CD1B36D9D7AB3355F0F56350EA758985EA150CA72B2D96AE5C80444E64543937CF41293745B6EED2F322B5C7B404EC342DB4926F52B241E449094C9E143A906FCF2EC036DA625D43ED1B96D658CA25B5A5B6086AA52DB5B440B302A90DB012883E2B74D42F617B42AB66C25B266D135EF4EB82BD79A7A67D9BB5E0C6F8B64377BC5005EF68DBFA445E73E80CB8836BEB851B639C19E2C408B21DA2344A9E43CD90220BE1D6C75468B74510F9F613E62E4D407D27CF75C4DD08937537489C94E91A203B0D2EAD90051BD80A29D3B54296A8722B9C4BAAF3F284AB1233AE02E8F2E92F5680DBA8A223597FAAD3EC1E0A54149FB726A0776717E2701D58A15E08003860B9352074597237EB0E6B7C4971A8A217DC0C54E3E2FA0F5317FD0E0CD62950BE6BD7C360A40303D4206F60E8964870A1F392DF5FF75AE3D48F28675344B341B5AD01D0A0DCF8094A901A34D5801484558D40025EAC7467081CB86BB776DE4CE967F0C6634C1B9D0A304113BA2A74F54A4631B48812A1CFF9BA0DEE216FB5836EB7B19890526B2235456DE6D7768D2E434B377F0674918C10780849471F992876505C57367D84178D5D98D1431B9D62EC0CCAE91FA3076A99612522E89CC392C244DF44333C5335B163766EBA049D998629AC9AA0B1EAE258F69A71CBCE9C53B7F09F2DEBBA2A704FC5B529EC7E2B2A1CF662679A43B88C6990CA2CECB0853421D3F8B00E8037DAA80FA1CBC2B646DD51704B417354C6556B1FF61E981086008C4C1FA6009D274A7DB40F4DD8D060F5C8D34083A37B12BAC141C7EA410627ECA3B07AE469A0C11104E9C60606DE04185A0848D2A41AEC4892959D2F9AFD25F200FF2CB31C2F38DE652BB42EEAA7E78B4FD8854C364D3A8EF36B54248F2D89734C3345B17004CADEA9F66CA885907A445FA1C584D5EFF092691595D1655E260FD8F5C2C5550AA4FAC3E875CE992A11D73D5ADDA41F76E57657E221A3CDFD5AF06FAB135D53FBE70BA5CFE71FEAFCC6458821E06E2655EAA80FE9AB5DB25EB17EBF01929D68485447C524F15025CBB24A40F4F883517A5FE76F732144D8C74EB83FA3CD768D89151FD2DBA84A72E9DF370CBFB7E8318A7F7C64596C7444EC8210D97E7E9D448F79B429088DB63EFE8931BCDA7CFFF3FF036D0B1C03C37F0100, N'6.1.0-30225')
GO
INSERT [dbo].[__MigrationHistory] ([MigrationId], [ContextKey], [Model], [ProductVersion]) VALUES (N'201706070524483_Context changes', N'Kalyan.Property.Infrastructure.Migrations.Configuration', 0x1F8B0800000000000400ED5DDD6EDC3A92BE5F60DFA1D157BB838CDBEDB3E7E04C60CFC0B19319E3E40F7132D83B4356D3B6906EA94752E72458EC93EDC53ED2BEC2521249F1A7F8275152B7A7E11BB72816C9AAAF8A45B258FABFFFF9DFF3BF7CDFAC67DF505E24597A315F9E9CCE67288DB355923E5ECC77E5C31F7F9DFFE5CFFFFA2FE7AF579BEFB3BFD3F77EAADEC335D3E262FE5496DB978B45113FA14D549C6C9238CF8AECA13C89B3CD225A658BB3D3D33F2D96CB05C224E698D66C76FE699796C906D53FF0CFAB2C8DD1B6DC45EB77D90AAD0BF21C97DCD65467EFA30D2AB6518C2EE6BF45EB1F517AF231CFB6282F7F9CDCA40F795494F92E2E77399ACF2ED749847B758BD60FF35994A6591995B8CF2FBF14E8B6CCB3F4F1768B1F44EBCF3FB608BFF710AD0B44C6F2B27DDD7558A767D5B0166D454A2ADE1565B6F124B8FC89F0692157EFC4ED39E323E6E46BCCF1F24735EA9A9B17F3CB479496987BD97C26B7F6F26A9D576FDAB87DD288EB84917A31335778C120849156FDBD985DEDD655C9458A76651EAD5FCC3EEEEED749FC1BFAF139FB8AD28B74B75EF303C143C165C203FC88B6F7093D90E125ABF96C21D65BC8155935AE4E33EE9BB4FCE96C3E7B8F1B8FEED788E184E3D16D99E5E8AF28457954A2D5C7A82C518EC5FC3E4B91D2B2D40EFD798DCA2859DF585B35537B93E44559FD4BC9609C63F59DCFDE45DFDFA2F4B17CBA98FF8CF5F54DF21DADE80342F94B9A6065C775B084AC0DBD8DC669E7E353CD436D234BB99186A8571B37C5655C26DF5833AFB26C8DA2D456ED72B5CA51512C87660169E76CE876AEB04D1898D3B7585F824BF37DF42D79ACF5D0A85AF3D927B4AE5F2B9E926D332B9C88AFDC31E3850ADC913CDB7CCAD60A21FEADBBCF51FE884A3CA4CCFAEA6DB6CB63A9FBE78BD6161B2DB43C96BE665AA4B747B6FAA683ADB65B4DBBADBE59A19AE7562DC9523CDEB8ACDA1B5A232B047ECC9378F0865EA1559E651B898B963A51F9E45DE963947FAD47E051E77283D2A44C507173ED55EF9AB335D5FF9F938DF36C3CC6D446ECFAE03328D3F422CE936DE3410E8C5BAC7E6370F0F5A6B685D37A2061E6DE6C83515E0E0E869B4DF488066FE572BBCDB36F68659AE92DCDB879BB28AAE6A0C1DBB9CC513434CFE20CAF83F3A91DB02043892AA74771A63D5732F1F0DEE875821D9C242E6F8C000AD0D0E76C98595CEBF90A7EEC106E2FF5651DDC5EEA213BF7BD9EEE7F80FD266577627342A735AF288EBAEE3DC84B77596450CB6AE7B65C43CB70F1451BCFA5B721B63BAF36980C7AEF0635848EEB0BA7BDA05B947FC376A2F72650332D7A93D1629C1004C14DCAEE9897CE035A2954D4507DA3AB02325B10D66EC85A67B32FAEDD26B206BB4BCA609E2A850A4FD5377A6D3D30E9F7350684D0D118381983411650965937D1CC609E4A2EEB8CDE0C740224539DBE8024848E803C38407A5A4819907A1BDA6B73B676BDC2EDCDD6E48EE074DE9AA53FABF6FAFA50618FE50489B203A357491A552B7E4E89F0BFB016793608EF7D7A12A97B8BA5F034F8AE94EE00AEB3C7EA7FF4D37555663900D2ACE17CC7D19C36184651BDE03006E035ED08A077839C613583096525AB3A4723E96C24C3CCE2BE9664300577D876E9A11ABA2D17931A75DB70A977987BEFB6602A475578A6AA209F18E10186DBE1B9D2EDB85605770D3A5B95610F95B9A32DE935535C05D97CBC3AEE3C8EA90EDD3CD550FA509F6C85538806F2FE0A21CF18AAAA386F10364775D0E2B72AB96B74845BF5B2A7EA86605BD44B2D49977A6FBB54648E8A39F23C35D2B4D41C638F303359B540D9F45115C4B913F4701E32084DD91D510ECE28F005EA4C2994F69B2D69EF7A4F980DA1A36A86524DED76CEC4DB23FAB9C511CDCA340762BD239AD3328ACB1068AE091DD11C0ACDCBD3615CC0DE617CDD9A1502FB30737FF90FFFD90E3B7698D141765B09AD5743473DBD4345511F53F4B65AC6017AE97B1B501D42E929B5A3E6FB44B56F36F877120D1E4FDB252CFB1317503854BF6EA375602FDB59056820627FF8534A47E83FCFD595F7A69F3306DF668F49FA31C0CD2242E88840F773EBA8287ECF725314F2307BD181EE4F4C71365DA3CC18B83DA4C16E31F68F1D2ACA30A73700D1A3123D0F336E3DC62432371F6472C0B8532BAA279AA6F7B5479BC64A41A2A408B5E00AB347CA22F5AC8BEE0024C652A5E7777DEFFD6E738FF2D1AFEB760B1623FB56CD7A7860E68820E317CFE102E846BB762A5DB3EAC8FD805B3A78BE78CC516FAF5F925248E970D63EDC910DE81D8D35AFE9A2D99C26C38E2314B7B0EC23E5DFF719B1B19E6DE4E6CA3D39502B5EBD6F681F7DFDAECFB0E10AB6F16A6A05196892761FE8D27BA4CB6E435DF61DAB2B9C7D61DC09BEEEB0EDEA9086DD883610DF2347F5B9AFEA268E4EF559D60D33295896796E334A08ED22AE5960B5AAA91EF5C9E38A4CCF3C0407A450A1FC0C8B0A59BC93AE235C8EEB61741AE432A8851864DE3DCEB7C75DD4019D568BDA0C30AD56ED14FDD5A42673548C508A71F6F32F418ECAB410FF52604980B8AE257947CA5BF8728F1594F265BDC05891A888F5C723A5B44790ACBAA4C2127CB5EA791704D326FA6CE5D1B607880920A00A21DBA3ADF1387F7148E21C26B2D8218B7398866C4914C3B48259BE321EF38469A63A0FF8F0F02AC9DB9BF19D8F086C6760AE138B432B78ADFF90E49B365D62E7F30812AFF2B7A830A50608C3EC5B14EF72AC34B765B4D98E8353EB6961F0B68289E6F3EFD99B28C6E6E7755AD5EA4DEF6D167FCD76E5EBB43E10FB52C6BE919B8C4090EE5CC6312A8A3718CC68555F39E837755613D3D48EDDD53A4A36B067D73868F485D6B5E39F2BBE9D50E8BB09514755993A435F903BD33CD7748614FA7686AC74B47D21E572571AE716EE4953D6DBE5ADB91BC62FAA491D7D2367DF2884C75CF3DC125E11C6C4D72DFD3D5AEF4237E505D75AFFC2C0B526B547706D828DF3EC5B523B7E0E4B35FA3226EFF43EBC0AB42B85D433ADF49767BF0E11642B0C73ECC6FD955487E7CBA2C8E2A486AB1257A4A42E16FB847D96997B1EE386436A5E28CC2E0CDD648BC18ABB57E7135F7468871D6EB7ED70DF5C129BF883D2044623CA2BFB18554E3CD6B328494B15BA491A27DB68ED3C6A8982E37C50098BB525975CA36DB5064B4B6796B87442A4027789B52CE9A98D77E70B0E6366E8A95930754830A4C46C01C0F2AABA23CC904F9703164DDE3C08ACB4431B014DDAE1BBB4CD65459E043D979A1CC43A596BDE8790A491F8E9C989094CBA060048996D62206459063C02BE2C1C71E9018366F5B19A4970A6A646D501C09027B5153D4BB6EB6EA50C19AAC7B252DAA18D8022EDF05DDAE652C04F821EDA23E1E49224CDB3F93D401D9383D5ACC0FCDD2BA81983CD22497907F5B10C231FD1C93230C6C7CBA2F1E593E20FCECAEAE879BB63B0B793BF5F38348E7F7C77BF3F1627F6F8DB646F3A380099DF5AD15F01139C095B405E456EC2ACAF510C021F651023404519AB4B9BF4FEFB348E559B704CEBF900D9C73857AAC9A9E4E1480129FDCCE80AE53E29E318C36F5246EBE430D1BC8FD31808215D9656AFE1DC599C286906370F5B016797B3A02D94C180063486D18006ED6438DAB48493BA354EB1FE36D7C32FF05FF544C0FB2EFE1E90DFA5346D370676897C9835A287E4C33C1F87497393771F40AF89C77784992D385F8B2F72E5A133BE6DB70F2706B6992FE323DACC2EA78DDAF61AFDFEC276D90FB7CBC980BBDC73E42EF70DBA4B1FECB21404FB80DC5EDE4557AFA2A737B1DF5EC49E790FA1BD867DF216E06C108E28B2A43CD2A208DA63F100AF2523C5C4E03532657CF01A99D501BC3487C924E0E52FE1E8C002DEC8693141C21965F0C9A3F9905EA3352AD1ACBA4497A578691B1571B452637216B86597AE00F06CAFF50C824B801123C00F18B34BABF0D59E9160254400EB840987038BD21C0B5860F4B1D417123D3B08B4205E8C802D68D82ECD6AAF988D072E12D16D16A81CDE3D25B8A46872A92F24D675407089BC180D5CE2B00F045CCD9C6696A714AF3F25B4C4EB01E34D88002346C39530E63D835513135CE7434C5294D3BDFC3A8E1D5DDF5705E83B944814F79104B717248459167C45F81695346A8B8B229EB591C86AA4AEB21210E9C8B17D2A2D39F0C042B00DE202BA4523A82C3448E023448285A05A4890A82488048B0F73640DFD00A79633244EC2915C2D6303B5663BC2C665BC7400395C2F072D959B6358A5EE958B68EA732C90ABCDE19DADE9FA540B46073B52B4D2A8B38DC224C897781C48D0C3061D9DF6A0C9428C7EC10022D47E27C14284E4A08768B03CF78E00137606B43013DEF2A36C422FDB1FF0232932DC46DD4B3CF01EB5AD097053D446DBADF74EBD266B6B8516796EA94D677F8842EB193810D11170EB02BD080A92208B2A0732F40A274886B8CF12196E7AD6CD75C2459C1957019CF7F4D776C0ED35C3C51D364260F2553C14AFAB3A1C65616CB2572932C78171EA3512805F96BB26C260F4B74DB831B45E80812DFAFB253C37DA7EF7E685EE5204C011A7FB13C2686C37285CC6E444106092058C1D58A5C6F5034CB204FF0BA3D187FF73E3683D3F035FF401FF03C186F7EE944FBBEB8D8F35A81DB411A6B07640E2C40B72303EA6407680301D5F30EEC131D676E3EDCD4173587618133E011FB94F41AB3CD3840E0B43508387B9EE420B084D6D48DB9A254D7FABC37D651730379A9058D13AA841B1BC81214B20937951C3602D7CEA224CF1C3A78040F5A19EA258C0604FBEC3EDAACD245D30BED3CAB81EE6C02D0FB1DE3AF8C73682FAEC15DD08A8B7C3AAA67BBB06B3D2B228B44474896CADA27089B833F1C21273A767822E08A66B90DD1EB07BD999DFEA9675E760B1C139BE9C86E55D6D4D4F1BD3D5B6F8DA943DB2259A8FAC5839ED108E63E280392047CF016843CDBF9D7138CDC780000CD5868808E3818244B86E831B565A02C0B8B9BDACDE0316F393A923D6472FD8E317A42E9BC70C461D48146837038D9AEEA2E9460D1DABDB0FD63B8C5A3A0E9728D06E061A35418E6ED0C071AFF5C0B7C390C563DA9EE0A69987D829232B3B5FDCC64F68139107E70BFC4A8CB6E52E5A3719B168C1BB68BB4DD2C7A2AD499ECC6EB7515CF9F27FBC9DCFBE6FD66971317F2ACBEDCBC5A2A84917279B24CEB3227B284FE26CB38856D9E2ECF4F44F8BE572B169682C6281A3F299286BA9CC72BCAC954AAB65C40AD5F964AFA332BA8FAABC4B57AB8DFA9A7CA6AAD947A6CDA9C7A6AAD0E8F632AD53FDDFD4B3E41B6BCF5BD5F36842EC0D1EECA63ACAAED3C9415BB56A5D5CFB368ED6514EDB25A348569827D97AB749DBDF3206F5B5C56D881B89965AEA4E994B03CC93E41EBBD36A13FDF2A4DAA71EE36D32F90A836C1EB9D368BF00C093699FBA53BA5CAD725454CE394FA97DEA4DE90CA474E643A9D990E0A9C05B397A0A640F8227011E08D71416924A2861198A264AA651566E27D5B7EFC277567F2944C2DF06D80868612929AF9FBA8A1B0E82F88D5B117A8ADC4528C100E8EF47E969BD42AB3CCB362225F6D0834E543E0184D8530F4312E55FEB7C848229A10F3D1497CFB824E8AE2915939EDEB5A27BD71AD5B34D09AAC1154BBC8D13689BBA4D56DC4759E1F98A7BC103B1ECCBC10260D953774A242F3A4F863C1A77AABACA36958D29648DA64F3D263D72EC205818F028C28884ED36CFBE21C952B54F3D64D59CF54A94DAA71E7DAA17E9427FC065BB9E424C83957822311CC164A2E33371EA6844950729D2208F3CC6A3B800B1A70B40439DE439897FEE4E8D5D4BE44969EF2A4EE654984EADBBAF2648986487B584AEE6300E0497FA4D00B03E239C9E1697EC12D06E98D6444267812901654EE35AFD65AEAD398CCCD5C95237514E241D16FF11503A3464D85F3ADA9AFFA4D2B14662F45E8435D1D8DDD7609AFAC3C88B0FACD1EDC4E8EE38DBA986DFE11198B484E982E1F026A2FDD72F75931FA3EAEB468AB3DA3C1E72AB6762556AC2B706D0A47AF5DF5D91E0EA53DBBD83177B132715D2DD0442BE5C7C4DB0DAF311AF69B3541E8D2ECBE36420D104B875C60844CF012370B5E78F1196E25159D7EF154A48405E4847190A35747193E17ACF1F295C9A4771BB4E9BFD713A9BC2A240431A16B265D6C1B6E86A3E1FD04C266872C132A89C9B9B995DE4ACA9B9AF72DE9B8300ECA09568A5AEAE84026F7AAFE4A3E2F6B13BAD77A828EA55224F893DDC2B4D68EF0907560776C0DA4D27F4D587510CDCE666837F27D15A9EABB8823157FD9F94638F4F9EA71EB7D15A3E7C89D49BB10D802601607BB73C20F8D8A5747FE0E9ABEEAB35FE275BF8B13C0201F1421310F8C3455B73A0DD54F2996F3942833E1D770EEF6FE06AF6C92C610FF706735264BAE60A61EFED4803798F5D492395E763C4F6030A836C4BD31423BD31E02E7FA9A2EE44852B3EE808A4F7BBCD7DF5096065F9410BA68908242B41385CB143B4A22436F90B040609DB3E56606F73A87836DFB899B1168FD8563DE6483560CDC3CE32739055771949697A0D6DE832F9EE8B1D36AD17039AE49EAB5A2F6AC7A93A2C441A0B311C3640FAFEA0D09019683DA19A526F437AA87818D85484311147D330081474B7223B0B1F24E8206E4DBDA9053C9158DACBA20145C3D201FA4B475F55C7629A899767B22E3BAF9E0A4D702FECFC6A92DE4F2AACE082EAA2439A7AC3E8D0F3BD01FAD72A51B4B426A6CFFCF6043F3CBC4A72395451281877C95F57C0CEF643926FE4CB357299FF5EECDFA2421AAA58E273DB20DEE515AACB68B3956F1C0845D36D7770D5341C85DFF058E0FF9EBDC18BA22C7F9D46F76B99BA5AEAB3DB1C7FCD76E5EBB45EDC7F296379DF5929EE401BE8B35CE6718D2B8E5151BCC11045AB3A1C44BAD3A516BBD3AECCA66A7DDAA77B35D1683396F49A6D9A0CBDDD661C4DDD61669D306E45DD656073B17DEC49EBEFD17A071123CFF70A41DAEC2FBD10D42467EE86204D5DE359197EF62D51A669A9C86B23B0AEF31BFA21EF02700543E1745034284964E45758EBE409FBCD92C890042E4266997AE4559E987AC4054926236774695E99CF281BF104FEA328D1E6A47AE1E4F61FEBAB75524772D017DE4569F250ADF7B3AF28BD989F9D2ECFE6B3CB7512154D361F92ABE6A5FC590DA7E435CB9FAAE43568B559C8D5FD53E054548A62259C78734A44E72D38E5CB3986932CE376C3837ECD444DF672BE902B9E4BC0ABEA3479D3938AADEF77EB7535D95ECC1FA275A19822B9767B24412F0C71B4942F99DC609FF8FBC5FCBFEACA2F6737FF7927D77F31FB9063A1BE9C9DCEFEDBBB33DC52A2E945FA2DCAE3A7082BF6BBE8FB5B943E964F17F39F4F79C2F5F7542C74DB754550B2649D41682A0497DE04DBEDA286E67D52FA926893CD041D6A9B792628D926154D380692EBF55D09F256D7A8E422EABB68BA3A2DD8355DD2CE7A62C5CB54945787761FA3B244795ABD85EAEE7A6B9F981826A89CB923E1A07459CA18D0003A5160B9623A936059623A53B8E473C3F8D95FAEAACEF4BAF4E09AD39B15FEBF4C2A6BE9C907F273004BCB92CB84B5DFD0717C58DCB3488FA064C936D080935920F3CE12D304254BF3D48485184B5AD39085A82EBDE5CFF2D70424DAA4B3093A7896DC66A8A9384C3749E61BD039729AE2E2C0FE069FFF261C5516D2D38379CEAECC25945666341FC6537E5CF619BF699255ECB73E6913D6F835CF2A7A34EF2C413049CCBE4AB0F76CE8CC16303BCB912DB4612015CAC1AE5CE84F1A0ED86D0BA3A9DDCB40ECD56E8A28E9D603B94FD228FFF16F9BE8FBBF7BD3B4AD139C8870A95BC2FA85E6ED933E3696C7C833511A4F93E326D9E124A05EEA3872BE17E7E1DD387F9BD5D41AC2B151338C3C0B91EF91C459DA124F6FBAA93684CC816421CF42E8934D71D0AE0CCB3FE2A9E9B4E220CA0EA5FC7856A2573CAE897D1A30F9C6B3E038B8CD76EA6F62857DD640665BD867BD4F1EBBAC16857B5A3D9D712EC547B81D2C96EDC3A2017DE10B5F213A580C0BD93682CE1B21CE773E719BAF81BAD564E41863DB034E6E71B048D957D7425D4184517630D9C4C14AAFCD5A117611E87B2E38DE960F4B6C31E616A7361DC4C102672FD4BEAB1CBAC84022D1452400890125746827FEF41AC4B0E13ECEE764B462AF8D6F2165C42011239A5411DD36FB4162818E21860A6C918EA85D874CAAF5936EC0C50F4B52D1DDE591A418040A01212025B1E8D5AD86C8109B3F0655788633F7A14DDC405E8683958360B60E4D10CF541FF6DF93056EE63F33CEDB66838A03D57FF5E317B39BE24B9A604CBE9C7DC692A926024E74673FFF128AF1701A0237DEEB6E5F01AFC21906ECA2A24DF84DAB4DAD5ED33BEDB05FC34DAD2126702011C1C12A88F61652A7031CDDDDA34EC4C020ED4E94687A8300A484F4063D1D72FB3A57322ECE8B67EE427E0F675F486F10807752728350108157F57DE90561A19AC5A03B2D206D41BF230E395D41F7AE01F9095C37C5E169A6DBB44D6B4E306D0359020E764A986C9EE7121404D0653E438137392FE10317FCDD846FB9CF0F6F11EBEFEB3BBB857688493D334C51CBB35FBBECD7B4A3084C7B24F4EA00725914599CD4CD28FB935598F31DBB32AFACB1B065AF571ECA8D5B32962A3FC0895CF46EB72E93ED3AA92EFBD4D7AB163AA2ED5D7D9E1EF75424F50785144615CA2B9B1255FE4551E651A2A672F89827699C6CA3353C14E975479358B19B11964BAED1B672EFD25219A74B6362FFE0A6590B9212D91872BEE0D0600609B9D6D2DE70D562835E80E185C89E79A081DC8412B0409F0D8204FD87A1C34340FBDD71B529C377B947913CE9AB741B422F7F0FC19D9E9C9820D0D9CA0402848F947A02A28315BAE4AFA94F820C72A7CBC126D0DB5FBC08D9B37DB609FACF914F6A13B89B9793489EF6A89203330CD087C6016DE6FD6741979B02773408ED821449C9A07E837A0A300C3CC431F9780EF4107452A410E7D2132B41FDCBFDC0CB787E6677C44CEC6B56718B77409C582BCA2B7916B802A600E34CC2656D68A691FAC12092D77CD139FC04027FAE496D47F729B5719C86EA4AD11D70998CF316F864158DAFD03C7197AF134042F9089A2F310717B03390B4DFBF1E477D9BBB4377D0E5314E426292934648F499BBA01DB1124A95B5DF500E2E6C775419BE603DEA140F840BC9314BF6191F8A3982A66AF03D7F5F8006C31A9A18D81F70FBA0CF60CE81FE136F7AF7C0F1D35C5380AF0E28EA8C3A211C09C20279E18071A6FB38D05E00CCF0ADBAFD01D3F288A6C34093F65B7C5360A9D76C689B050F7EF63BA0596F9F66BB6AC5D71954CA12182C3F605039AF87A70795EEAB96A380AA0EA7BD8362065BE13621B7BC48C913191FF2003EA4D7688D4A34ABA281AB34F1575111472BF5947C811BD3B5CEE24EF90EB40F070193EE436AC1E163F82C98DA96EEE35BA300A586C81DF4051449568522A83191D2843AC93D204F07C18AEE8361836045F7AD18D7D89A51C1027DEC64AFC0D28446C93D204F0F1F2CBACFC2EC2558A07B1DFB8495B1A7A05191E23C058D0894D7E28773D87EA7F4911B0532E45B3C3450A28D206B43E2D4E8B2E6533917F3D57D1580D6C4D571C58ADF2B36221F4B2A2DC92F40CDC9EF58DA64A10FEAB0680938285A6821CF82B614F2AC0422CF0A2DE459FC87429E9540E459A1A340C899AE561EA4DC240EF28A6383CD625CDB5E536C6AAE79C326FB7A75A60ABE7E0C4ABD2EB150BD82E174A5C5D2950B90C8898C2AE7E63928E5A6C8D65D7A5EA4F69896809DA68556F24D4A36883C2981C9934207F2EDD905D8465BAC6BA87DC3D21A4BB9A4B6D41641ADB4A59616685620B5015602D167858EFA256C4F68D54C78CBA46DC28B7E5DB037EFD4B46FB316DC18DF76E88E17AAE01D6D5B9FC86B0E9D0177706DBD70638C33439C1841B6439446C973A819526421DCFA980AEDB60822DF7EC3DCA509A8EFE4B98EB81B61B2EE068993325D0364A7C1A515B260035B2165BA56C812556E857349755E9E705562C655005D3EFDC50A701B557424EB6F759ADD43818AE2F3D604F4EEEC421CAE032BD40B0100072CB706842E4BEE66DD618D2F290E55F4829B816A5C5CFF61EAA2DF81C13A05CA77ED7A188C7460801AE40D0CDD12092E745EF2FBEB5E6B9CFA11E56C8A6836A8B635001A941B3F41095283A61A9082B0AA1148C08B95EE0C810377EDD6CE9B29FD0CDE788C69A353012668425785AE5EC92886165122F4395FB7C13DE4AD76D0ED361613526A4DA4A6A8CDFCDAAED16568E9E6CF802E9211020F21E9E82313C50E8AEBCAA68FF0A2B10B337A68A3538C9D4139FD63F4402D33AC44049D73585298E89B688667AA2676CCCE4D97A033D33085551334565D1CCB5E336ED99973EA16FEB3655D5705EEA9B83685DD6F4585C35EEC4C730897310D5299851DB69026641A1FD601F0461BF5217459D8D6A83B0A6E29688ECAB86AEDC3DE0313C2108091E9C314A0F344A98FF6A1091B1AAC1E791A6870744F423738E8583DC8E0847D14568F3C0D34388220DDD8C0C09B00430B01499A54831D49B2B2F345B3BF441EE09F6596E305C7BB6C85D645FDF47CF109BB90C9A649C7717E8D8AE4B125718E69A628168E40D93BD59E0DB510528FE82BB498B0FA1D5E32ADA232BACCCBE401BB5EB8B84A81547F19BDCE395325E2BA47AB9BF4C3AEDCEE4A3C64B4B95F0BFE6D75A26B6AFF7CA1F4F9FC439DDFB8083104DCCDA44A1DF5217DB54BD62BD6EF3740B2130D89EAA898241EAA64595609881E7F304AEFEBFC6D2E8408FBD809F767B4D9AE31B1E2437A1B55492EFDFB86E1F7163D46F18F8F2C8B8D8E885D1022DBCFAF93E8318F3605A1D1D6C73F3186579BEF7FFE7FF6034E3DD57F0100, N'6.1.0-30225')
GO
INSERT [dbo].[__MigrationHistory] ([MigrationId], [ContextKey], [Model], [ProductVersion]) VALUES (N'201706071139254_IsActive Added', N'Kalyan.Property.Infrastructure.Migrations.Configuration', 0x1F8B0800000000000400ED5D5B6FDC3A927E5F60FF43A39F760719B7DB67CFC199C09E81632733C6C90D7132D8374356CBB6105D7A24754E82C5FEB27DD89FB47F612989A47829DE244AEAF634FCE216C52259F555B148164BFFF73FFF7BFE97EF69B2F81615659C6717CBF5C9E972116561BE89B3C78BE5AE7AF8E3AFCBBFFCF95FFFE5FCF526FDBEF83B79EFA7FA3D54332B2F964F55B57DB95A95E1539406E5491A87455EE60FD54998A7AB6093AFCE4E4FFFB45AAF571122B144B4168BF34FBBAC8AD3A8F9817E5EE559186DAB5D90BCCB375152E2E7A8E4B6A1BA781FA451B90DC2E862F95B90FC08B2938F45BE8D8AEAC7C94DF650046555ECC26A5744CBC5651207A857B751F2B05C045996574185FAFCF24B19DD56459E3DDE6ED18320F9FC631BA1F71E82A48CF0585E76AFDB0EEBF4AC1ED6AAAB484885BBB2CA534782EB9F309F5662F55EDC5E523E224EBE461CAF7ED4A36EB879B1BC7C8CB20A712F5F2EC4D65E5E2545FDA689DB27ADB84E28A9170B7D851714420869F5DF8BC5D52EA94B2EB268571541F262F171779FC4E16FD18FCFF9D728BBC87649C20E040D0595710FD023D2DEA7E8010F2FDE2C172BBEDE4AAC48AB3175DA71DF64D54F67CBC57BD478709F4414270C8F6EABBC88FE1A65511154D1E66350555181C4FC3ECF22A965A11DF2F33AAA8238B931B6AAA7F6262ECAAAFE9790413847EABB5CBC0BBEBF8DB2C7EAE962F933D2D737F1F768431E60CA5FB218293BAA8324646CE86D304D3B1F9F1A1E2A1B598B8DB4449DDAB8292FC32AFE469B7995E7491464A66A979B4D1195E57A6C16E076CEC66EE70AD98491397D8BF4C5BB34DF07DFE2C7460FB5AAB55C7C8A92E6B5F229DEB6B3C209FFCA1D355E51893A52E4E9A73C9108B16FDD7D0E8AC7A84243CA8DAFDEE6BB2214BA7FBEEA6CB1D6428B63196AA6797A7B64AB6F7AD86AB3D534DBEA9B4DD4F0DCA8257986C61B56757B636B648DC08F451C8EDED0AB6853E4792A70D15027A89E9C2B7D0C8AAFCD081CEA5CA65116577154DE5C3BD5BB666C4DFDFFE738B59E8DA798DAB05D1F7D06A59A5E8645BC6D3DC891718BD46F0A0EBE4E1B5B38AF07E267EECD5384F26A7430DCA4C163347A2B97DB6D917F8B36BA99DED08C9DB71B05F51C347A3B9745148CCDB33047EBE0626E07CCCB5082DAE9919C69C7954C38BE377A1D2307270EAB1B2D803C34F4391F6716577ABE9C1F3B86DB4B7C590BB79778C8D67D6FA6FB1F60BF71D91DDF1CD769C52B92A3AE7A0FF2D26D1619C4B29AB92DD650329C7FD1C473E16D88EDD6AB0D2A83C1BB412DA1E3FAC26A2FE8362ABE213B317813A89D169DC928318E0982E0C66577D44B67012D154A6A28BFD15701A92DF06B3744AD33D917DB6E635983DDC565304FA54289A7F21B83B61EA8F4871A034CE8680CAC8CC1280B28C3AC1B2B663047251775466D067A0192AACE5040624247401E1C201D2DA40848B50D1DB439DBB85EFEF6661B7247705A6FCD929F757B437D28BFC7729C44E981D1AB380BEA153FA344E85F588B1C1B84F73E1D8934BD4552781A7D574A7500D7DB63753FFAE9BB2A331C0029D670AEE3684F1B34A3A85FB01803F09A7204D0BB5ECEB0DAC1F8B292759DA391B436927E6671574B329A825B6CBB0C500DD5968B4E8DFA6DB8343BCC83775B1095A32A3C5355104F8CD000FDEDF05CA9765CEB82BB169D9DCAD087D2DCD1950C9A29AEBC6C3E5E1D771EA754877E9EAA2F7D684EB6FC29440B79778510670C5955AC3708DBA33A68F15B97DCB53AC2AC7AE9537943B02B1AA496B84B83B75D6A3247C59C789E9A685A6A8FB12798998C5A206DFAC80A62DD0972380F1984B6EC0E2B076314D80279A6E44A87CD96A4778327CC96D051357DA9A6723B67E6ED11F5DC628966699A03B1DE13CD591584950F3437848E68F685E6F5E9382EE0E030BE7ECD72817D88B9BFFC87FB6C871C3BC4682FBBAD98D6ABB1A39EDE4565D91C530CB65ADA013AE97B1750ED43E909B5A3E6BB44B5A729FA1D07A3C7D3F609CBFEC404148ED5AFDB20F1EC655BAB0009441C0E7F42E908FDE7B9BA72DEF4B3C6E0DBFC31CE3E7AB85984091D11687F6E1D94E5EF79A18B421E672FDAD3FD8939CEA61B946903B7C734D81DC6FEB18BCACACFE90D40F4A844CFC38C1B8F31B1CCF507990C30EEE48AF289A6EE7DE5D1A6B6929728294CCDBBC2EC91B2083DEBA33B0089A954E9F95DDF7BBF4BEFA362F2EBBAFD82C5F0BE55BB1E1E99393CC8D8C5B3BF00BAC9AE9D0AD7AC7A72DFE3960E9A2F1E8B68B0D72F48C9A774186BEFEFC806F48EA69AD754D16C569361CF11F25B58E691B2EFBB8C585BCF34727DE5811C6814AFD937348FBE79D765D87005D37815B5BC0C34CEFA0F74ED3CD275BFA1AE878ED516CEAE30EE055F7BD8F67548FD6E446B88EF91A3FADC57753347A7BA2CEBC699140CCB3CBB19C5877661D7CCB35A35548FFAE4704566601E820352285F7E8641850CDE49DF11AEA7F5307A0D72EDD5428C32EF1EE7DBE32EEA884EAB416D469856EB76CAE16AD290392A862FC538FBF9172F47654A887F299124405C3792BCC3E51D7C99C7124AD9B24160AC49D4C486E39150DA2348D65D926109BE5AF7BC0F82491343B6F248DB23C4046050F990EDD1D6389CBF582471F613596C91C5D94F43A6248A7E5A412CDF688F79FC34539F077C78781517DDCDF82147045E2283101D21E9625F4AA65339DBA9CEA295AB3C7B888B74789F4904CDDF825297ACC08FF86FA370572035BEAD82743B8DE618CF2FBDB7E54D349F7FCFDF04213288AFB3BAD6607A6FF3F06BBEAB5E67CD11DD972A748D25A504BC74E7320CA3B27C83C01C6D9A4B10C326F37AAA9CDBD5BC4A8238857DCDD665242F74CE26FB5CF236B942D76D9126CE4BD719F282D899F6B9A233B8D0B53378EDA5EC0B2E17BBD2BADB704FDAB2C14E78C35D3F9E5A43EAE8AD597B6B3E7CF886E786800F3F26BE69E9EF41B2F3DD94135C1BFDF303D786D41EC1B50D7F469E58DCB8A2168B47F232226FF53EBC2E352B85D033A5F4D767BF8E11F6CB0D73EAC6DD955485E7CBB2CCC3B881AB14E9242553E6FB847C96857D66E5964372A62AC42E04DD788BC08ABAD764385FF568871EB777ED305F81E29BF883D404426354D4F631A89D78A467419C553274E32C8CB741623D6A8182E57C500B8BB625965C47DB7A559855D62CB1E9044F05EE126D59D05313EFCE570CC6F4D093F372AA90A049D2D90180667AB5479826C32F032C924E7A1458298736019A94C3B7699BC9D33C0B7A2E15599155B256BC0F214921F1D393131D98540D0090D2DB444FC8320C78027C193862D3030ACDFAF339B3E04C4ED6AA028026736B277A9AFED7DE4A6972664F65A594439B0045CAE1DBB4CD24A59F053DA447DC592A4EE367F27B803A3A07AB5D81B9BB5750331A9B85D3048FEA6369463EA193A5618C8B974522DE67C51F9C27D6D2F3B6C7E060277FBF70A81DFFF4EEFE702CCEECF177E9E754700072D175A2BF0226381DB6804C8FCC84D95CEC18053ED22026808A34569B36C98DFC791CAB2E059AD2F301F2A131AE549BE5C9C19102920CEAD1E5CB7D92C63185DF248DD6CA61229928E731105C022FA55EC3D9BC1851929C720EB602CE7767409B2F83010D680AA3010DDACA7074891267756BAC6E1F985C0FB7AB08B22702DEC071F780DCAEC929BB31B24BE4C2AC093D2417E6B9384C8ABBC5FB007AC50D014B9899AE0B28F1852F61F4C6B7E93EE4CCC0D6F3657A44EBD965B551DB5DECDF5FD8AE87E1763D1B70D77B8EDCF5BE4177ED825D9A14611F903BC8BBE8EB550CF426F6DB8BD833EFC1B7D7B04FDE029C9FC2124586244C4A14417B2C0EE035E4C89819BC5AA64C0F5E2DB37A809764559905BCECB5201558C03B421D267038A3083E71341FB2EB2889AA685147B2E7195ADA0665186CE4989C156AD9A62B003CBB8B46A3E01260C404F003C66CD32A7CD96822587111C02A61C2E1C0BC34A70216187D2CF40547CF8E022D881713600B1AB64DB3CA4B6FD3810B4774EB052A8677CF092E219A5CE80B8E751D115C3C2F2603173FEC0301573BA7E9E529C4EBCF092DFE7AC0741322C088C970C58D79CF60D5C60437191AE32C2AC85E7E13C71E5DDFD705D17728B529EA230E6E2F7108B328F89AF06D5491A82D268A78D14522CB91BAD24A80A723C6F6C9B4C4C00303C12E880BE81689A032D0C0818F10091A826A2081A3922012343ECC9235E493A04ACEE038094B728D8C35D4DAED081397D1D201E470B31C34546E8F61A5BA5736A269CEB140AEB68777A6A69B532D181DF448D148A3C97F0A93C0DF06B220410E1B5474BA83260331F24D058850F7E50603119C151FA24133EF5B028CDB1950C28C7BCB8DB20EBD747FC08D24CF70137527F1C07BD4A626C04D51136DBBDE5BF51AAFAD255AF8B9A13699FD210A9D6760414445C0AE0BE4222848022FAA2CC8902B9C2019EC3E0B6498E95935D7711771164C0570DE535FDB01B7D7341777E80881C957F2509CAEEA3094B9B1895E25CF1C0BC6C9D748007E19EE9A708351DF3661C6D079011AB6A8EF97B0DCE8FA3D9817AA4B110047ACEE4F70A331DDA0B01993154180490630F660951CD70F30C910FCCF8D461DFECF8CA3F3FC347C5107FC8F041BD6BB933E36AF363EC6A076D046E8C2DA0189632FC8C2F8E802D901C2647CDEB807C7589B8DB73307F561D97E4CF80C7C643E4E2DF34C113ACC0D410E1E66BA0B2D2014B5216D6B9734C3AD0EF3DD5FC0DC28426279EB2007C5B206062F8174E6450E8335F0A98F30F94FB1020255877AF26201833DD90E77AB369D74C1F84E23E3069803BBCCC86AEBE01EDB08EAB3537423A0DE16AB9AFEED6ACC4AC722DF1251A5D6358AC226E24EC70B43CC9D9A09AA2098BE41767BC0EE756F7ECB5BD6BD83C546E7F87A1E96F7B535036D4C5FDBE26A53F6C896283EFB62E4B445388E8E03FA801C3507A00D35F776A6E1341B030230541922C28D070A1261BA0D6E58290900E366F6B2060F98CF4F268F581DBD608E5F10BAAC1F331875205020DDF4346AB28BA61A3574AC6E3E58EF316AE1385CA040BAE969D41839AA4103C7BDC603DF1E43E68F6907829B641EA2A78CB4EC7C751B3E4569801F9CAFD02B61B4AD7641D266C42205EF82ED36CE1ECBAE267EB2B8DD0661EDCBFFF176B9F89E265979B17CAAAAEDCBD5AA6C489727691C1679993F5427619EAE824DBE3A3B3DFDD36ABD5EA52D8D55C871543C13A52D55798196B54269BD8CD8444D86DBEBA00AEE833AEFD2D526955F13CF5415FBC8A439F9D854161AD95E2675EAFFDB7A867C63DD79AB7C1E8D89BD41834DEBA3EC269D1CB4552BD745B56FC320090AD22E1E45BC413CC9935D9A75BF450CAA6BF3DB1037022DB9D49E3293989825C93CB6A7D5A51E6649754F1DC6DBE616E606D93EB2A7D1A5E165C9744FED295D6E364554D6CE394BA97BEA4CE90CA474E642A9DD9060A9C05B396A0A780F8225011E08371456824A48611992260AA651546E2BD537EFC2F7567F2144C2DD06980828612928AF9BBAF21B0E9CF8B55B116A8ACC4528CE00A8EF47A969BD8A36459EA73C25FAD0814E503D0184E853074312145F9B7C849C29210F1D1497CDB8C4E9AE2E15939ADEB5A47BD70AD5334D09B2C1E54B9C8D13689BFA4D56CC6762E1F98A79C101B1F45BC61C60E9537B4A382F3A4B063F9A76AABACAD3DAC694A24693A70E931E3E76E02C0C7814A14502CD3BCF41813E7590557BD62B50EA9E3AF4A959A473FD0197ED6A0A2109566289847004938E8ECBC4A9A211D41E244F033F72188FE402848E2E00097512E724F6B93D357A2D9125A5BCAB389B53A13BB5EEBF9AC061923DD612AA9AE338104CEA370EC0EA8C706A5A4CB24B40BB615A33099D06A6789439896B7597B9B2E6383297274BD54439937468FC8747E990906177E9286BFE934AC71889317811D64663F75F8329EA8F232F36B046B513A3BAE36CA6EA7F878763D21AA60B86C3EB880E5FBF344D7E0CEAEF2D49CE6AFB78CCAD9E9955A90DDF1A41939AD57F7F4582ABCF6DF70E5EEC6D9C944F771308F9B2F135C16ACF47BCBACD527134AA2C8FB3814411E0D61B23103D0B8CC0D59E3F46688A47695DBF5728C101793E1D6528D4D0C64D86EB3D7FA430691EF9ED3A65F6C7F96C0A8D02F56958F096590FDBA2AAF97C40339BA0F1054BAF726E6F66F691B3A2E6BECA796F0E02908356451B7975C51538D37B251E15778FED69BD8BCAB25925B294E8C3BDD284EE9EB06775A007ACFD74425D7D1CC5406DA629FA1D07893857310553AEFA3F49C71E9F1C4F3D6E83443C7C09E49BB12D8066016077B7DC23F8E8A57477E0A9ABEEAB35FE275BF8D13C021EF1421210B8C3455973A4DD54FC996F3142833C9D760E1F6EE01AF6892CA10FF706734264BAE20AE1E0ED480D79875D492D95E763C4F6030AA36C4B9314238331602F7FA1A2EA4485293EE808A4F7BBF4BEFE04B0B4FC2005F34404E295201CAED8235A51109BF805028D844D1F2B30B739563C9B6BDCCC548B4764AB1E8B483660EDC3DE32B390557F1909697A356DA832F9EE8B1DD6AD173D9AE481AB5A276AC7A9DA2F445A0B311E3640FAEEA0509019693D219B5267437AA87818D954F8311147D3300A1454B7227B0B1F2468216E45BDB9053C9358BACBA21E4543D301BA4B475D55C56292899765B22A3BAF9A0A4970CFEDFC2A92DECF2A2CEF82EAA3438A7AE3E8D0F3BD01FAD73A51B4B02626CFDCF6043F3CBC8A0B3154912B9863771BD5012FEAB0CFA7DD8A682AA045C0435CA462AFC432F73DE2BF05A52002BEC4E51644B82B6A6DAB82742BDE84E08AE6DB8661AA29380ABFE1B0F1F07BFE062DD6F2E27516DC272275B9D465173CFC9AEFAAD759B3E9F0A50AC5FD70A9B8076DA0CF6299C3F5B2308CCAF20D8268B469C25484BB6672B13DEDDA9CCB56B17BBA5713A03293CAA059B0CD1CDC6F2654D41D6736F4E3EE345D06363DBBC78EB4FE1E243B88187EBE57085266A51984A03669743F0429EA6ACFF0D0B36FB1E43E08454E1B944D9DDF222116872B180BA7A3A2414A6E23BE425BC74FE86F9ADC062796E132DE3423AFF3D734232E71921B31D34CFBCA7241D88826F01F6515A527F50B27B7FF48AE92B88930212FBC0BB2F8A1DE87C8BF46D9C5F2EC747DB65C5C267150B65986700E9D97E2E73EAC92EAAC7FAA93EA449B742556774FCD535329CB0D7712CF281199B7E05434E7084EA28CBB8D18F295153909CDF94AAC782E00AFAED3E6738F6BB6BEDF25493DD95E2C1F82A4944C9158BB3B2A211799185AD217566E90AFFEFD62F95F4DE5978B9BFFBC13EBBF587C2890505F2E4E17FFEDDC196689D3F622FB1614E1538014FB5DF0FD6D943D564F17CB9F4F59C2CD775E0C74BBF58E57B278FD83694A04D7CE04BB35474BF33EAE5C49744970BC0EB5CB88E3956C9B22C71F03F1B5FFBE0459ABAB55721EF57D345D9E16CC9A2E686733B1A2E57354D487891F83AA8A8AAC7E2B6ABAEBAC7D7CC21AAF72668EAABDD2A5A96C4003684581E6B0E94D8266AFE94DE192CD59E3667F99AA2AD36BD3836B466F36E8FF2AAEADA5231FF0CF112C2D4D7AE3D77E4361027E714F2350BC92C5DB40234E669ECC3B4D98E3952CC99FE317627487AE250B515D3BCB9FE6D5F148B44DB3E375F034E9CE5853B19F6EE28C3CA0736435C5859EFD0D362F8F3FAA34D46800F3AC5D994B28DDCD643E8CA3FC98AC386ED324AD386C7DD225D2716B9E567468DE5A8260F29A7D95E0E0D9D09A2D60D698235B48C3408A96835DB9909F244CB1DF16465B7B9081D8ABDD145ED29D07721F6741F1E3DFD2E0FBBF3BD334AD13AC88302965FCFA85FAED93213696C5C833511A47936327D9F124205F3639727E10E7E1DD38779BD5D61AC3B191339F3C0B91EF91C4693A15476FBAAD3686CC812426CF42E8B34D71D0AE0CCD8BE2A8E9A4E228CA0EA5227956A2973CAE997D1A3029C8B3E038B8CD76EA6E62B97D564F669BDB67BD8F1FFBAC16B9FB63039D7126F588BF1D2C9A85C4A00143E10B5F6D3A580C735940BCCE1B3ECE773E319BAF9EBAD5660A9962DB034EBA71B048D957D7425E41F851763009C6C14AAFCBA6E17711E87A2E38DD960F4DB831E516A7324DC5C102672FD4BEAF1CFAC84020D1472400891125746827FEE41AC4B8E13ED6E764A4E2A08D6F2E95C52811238A1416FD36FB41629E8E21C60A6C118EA86D878CAB0D93AEC7C50F4D9ED1DFE511A4E8050A1E212024D718D4AD96C8189B3F1A55788633F7A14DDC40BE8883950367B60E4D10CF541FF6DF930532063C33CE9B66839A03F57FCDE3178B9BF24B16234CBE5C7C4692A927024674673FFFE28BF1707A043BDEAB6E5F01AFC2990FCCA2224DB84DAB6DAD41D33BE9B05BC36DAD3126702041C2C12A88F21652AF031CD5DDA35EC4C020ED5E9448DA050FA4B8B40BC31DF2C19B906CB685FE54CC2B6EC1CC592FE399D40003961D5CA2050F5214D22CF8022BBCBF30949E1716CAF914FAD30212280C3B6C111327F4EF1A9029C1767B1E9EF0FA3910A4E60C0E0490AFE06027A7D93C0E265582075D667325389373123E906AC04EF886CC02F066B53A7380B5836A8698D033CD14B53EFBB5CFCE51370ACFB42742AF0A209765998771D38CB4535A075CDFD1CBFBD26A0F59F6660D24DDFDC563A933159C8845EF7649156F93B8BE76D45CF45AA988765903587ACC539ED41F245208555151DB94A0F62FCAAA086239A9C4C722CEC2781B24F05084D72D4D62CD6E4A582CB98EB6B5A39955D2386D1AE3FB07374D5B1094C8C490F31583063D48F0059BEEAEAD121BE42A0E2B44FACC010DF84E168705F26C1424A83F9DED1F02CA2FB3CB4D69BE5C3E89E4715F857B196AF93B08EEF4E4440781DE56C613205CA43410103DACD0257B617E1664E0DB65163681DC436345489FEDB34D507FB07D569BC0DC019D45F2A447B51CA861803EC50E6833EB3F73BADC16D8A3816B17A4884B46F51BE4F38871E0C18FC9C57320C7B1B322053B978E58F1EA5FEE075EA6F333FB2366665FB38EA0BC0322D63A515E89B3C0153005686712267F443B8D340F4691BCE29BD7FE2710F88356723BAA8FCD4DE334D4979BEE806B6D8CB7C0A6CD687D85F689BD7CAD00E2CB47507CABDABB80AD81A4FC42F834EADBDE62BA83AEB13112E2D3ADB44222CFEC056D89155FAAACFCCAB47761DBA34AF38DEF49A7782070498C9E32CFF850F413345583EFB9FB02242C57D3C4C8FE80DD278F46730ED41FC153BB07961F2F9B037C4D68536FD47181511016F00B078C33D5E793F602609AAFF9ED0F98D647341D069A945F2B9C034B836643D32C78F0B3DF01CD7AFB34DBD52BBEDEA09296C060F90183CA7A3D3C3FA854DFFD9C04544D60EF1D14BDD809B70DFE65458A9F88F81007F021BB8E92A88A16754C5B9DB0FE2A28C360239F92AF5063AAD669042CDB81EEE12860527D6ACE3B7C341F4E93DB527D9E6C12A03410B983BEC522C8AA9404352552DA5027B107F8E92858517D526D14ACA8BE5A631B5B332958A0CFAEEC1558DAD028B107F8E9E18345F5819ABD040B74C3649FB032F514342952ACA7A00981F29AFF840FDDEF143EB72341067F1588044A7411645D489C1C5DD67EB4E762B9B9AF03D0DAB83AA658F27BF946C46349A925F105A839F11D439B34F4411E16290107450A0DE469D096449E9640E469A1813C8DFF90C8D312883C2DB414083ED355CA0397EBC4815FB16CB05D8C2BDB6B8B75CDB56F9864DFACCE64C1378F41A9372506AA57309CAE9458BAB201123E9191E5DC3E07A5DC1699BA4BCE8BE41E9312B0D3A4D048BE4D0E0791C72530795C6841BE3BBB00DBE88A550D756F185AA3C99FE496BA22A895AED4D002C94F2437404B20FAB4D052BFB8ED09A59A716FE9B48D7BD1AD0BE6E6AD9A766DD6801BEDDB16DD714215BCA36DEA137ECDA233E00EAEA917768CB166881523F07688D4287E0E35838B0C843B1F53A2DD1541E4BBAFBCDB3401F51D3F5711B7238CD7DD20715CA66A00EF34D8B482176C602BB84CD50A5EA28AAD302EA9CACBE3AE4A2C980AA0CBA7BE58016EA3F28E64F3D550BD7BC851917CDE8680DA9D5DF1C3B560857C2100E080E1D600D765C1DD6C3AACF025F9A1F25E703B50858BEB3E4C55F43B3058AB40F9BE5DF783911E0C9083BC81A11B22C1B9CE0B7E7FD36B85533FA19C7511CD1AD536064083726327284E6AD0540352E056351C0978B1D29F2170E0AED9DA39336598C19B8E315D742AC00445E82AD7D52B11C5D0228A873EE3EBB6B887BCD51EBADDC562424AAD88D4E4B5995DDBB5BA0C2DDDDC19D047325CE021241D756422DF417E5DD9F6115E34F661C6006DB48AB1D328A77B8C1EA8659A9508A773164B0A1D7D1D4DFF4C55C48E99B9691374A61B26B76A82C6AA8A63D96BC6AD7B734EDEC27FB6ACEBABC00315D7A4B0FBADA870D88B996916E132BA414AB3B0C516D28C4C63C33A00DE28A33EB82E73DB1A4D47C12D05C5511953AD7B3878605C18023032759802749E28F4D13C346E4383D6C34F3D0D8EEC49A806071DAB7B191CB78F42EBE1A79E068711A41A1B1878E361683E2049926AD023495A76BE6AF797F003F4B3CA0BB4E078976FA2A46C9E9EAF3E2117324EDB741CE7D751193F7624CE11CD2C0AB92350FA4EBD67432C84D023F20A29C6AC7E87964C9BA00A2E8B2A7E40AE172AAE532035DF686F72CED489B8EEA3CD4DF661576D77151A7294DE279C7F5B9FE8EADA3F5F497D3EFFD0645A2E7D0C017533AE53477DC85EEDE26443FBFD064876A220511F15E3C443B52CAB3A01D1E30F4AE97D9349CE8610661F3DE1FE1CA5DB04112B3F64B7419DAACDBD6F087E6FA3C720FCF19166B15111310B8267FBF9751C3C16415A621A5D7DF4136178937EFFF3FF03A4FAEE5D89810100, N'6.1.0-30225')
GO
SET IDENTITY_INSERT [dbo].[City] ON 

GO
INSERT [dbo].[City] ([Id], [Name], [IsActive], [StateId]) VALUES (1, N'Mumbai', 1, 1)
GO
INSERT [dbo].[City] ([Id], [Name], [IsActive], [StateId]) VALUES (2, N'Pune', 1, 1)
GO
INSERT [dbo].[City] ([Id], [Name], [IsActive], [StateId]) VALUES (3, N'Nagpur', 1, 1)
GO
INSERT [dbo].[City] ([Id], [Name], [IsActive], [StateId]) VALUES (4, N'Navi Mumbai', 1, 1)
GO
INSERT [dbo].[City] ([Id], [Name], [IsActive], [StateId]) VALUES (5, N'Akola', 1, 1)
GO
SET IDENTITY_INSERT [dbo].[City] OFF
GO
SET IDENTITY_INSERT [dbo].[Country] ON 

GO
INSERT [dbo].[Country] ([Id], [Name], [IsActive]) VALUES (1, N'India', 1)
GO
INSERT [dbo].[Country] ([Id], [Name], [IsActive]) VALUES (2, N'US', 1)
GO
INSERT [dbo].[Country] ([Id], [Name], [IsActive]) VALUES (3, N'England', 1)
GO
SET IDENTITY_INSERT [dbo].[Country] OFF
GO
SET IDENTITY_INSERT [dbo].[PropertyRequest] ON 

GO
INSERT [dbo].[PropertyRequest] ([PropertyRequestId], [FullName], [Email], [PhoneNumber], [FromPrice], [ContactType], [PropertyRequestContractTypeId], [PropertyDescription], [ToPrice], [CreatedDate], [IsAgree], [PropertyRequestTypeId], [PropertyRequestAreaId]) VALUES (1, N'Aasd@asd.asd', N'Aasd@asd.asd', N'123124213', 2, NULL, 1, N'Aasd@asd.asd', 3, CAST(N'2017-05-28 13:37:26.343' AS DateTime), 1, 2, 2)
GO
SET IDENTITY_INSERT [dbo].[PropertyRequest] OFF
GO
SET IDENTITY_INSERT [dbo].[PropertyRequestArea] ON 

GO
INSERT [dbo].[PropertyRequestArea] ([Id], [Name], [IsActive]) VALUES (1, N'All Area', 1)
GO
INSERT [dbo].[PropertyRequestArea] ([Id], [Name], [IsActive]) VALUES (2, N'Khadakpada', 1)
GO
INSERT [dbo].[PropertyRequestArea] ([Id], [Name], [IsActive]) VALUES (3, N'Durgadi', 1)
GO
INSERT [dbo].[PropertyRequestArea] ([Id], [Name], [IsActive]) VALUES (4, N'Shivaji Chowk', 1)
GO
INSERT [dbo].[PropertyRequestArea] ([Id], [Name], [IsActive]) VALUES (5, N'Godrej Hill', 1)
GO
SET IDENTITY_INSERT [dbo].[PropertyRequestArea] OFF
GO
SET IDENTITY_INSERT [dbo].[PropertyRequestContractType] ON 

GO
INSERT [dbo].[PropertyRequestContractType] ([Id], [Name], [IsActive]) VALUES (1, N'Sale', 1)
GO
INSERT [dbo].[PropertyRequestContractType] ([Id], [Name], [IsActive]) VALUES (2, N'Rent', 1)
GO
INSERT [dbo].[PropertyRequestContractType] ([Id], [Name], [IsActive]) VALUES (3, N'Short Term Rent', 1)
GO
INSERT [dbo].[PropertyRequestContractType] ([Id], [Name], [IsActive]) VALUES (4, N'Serviced', 1)
GO
SET IDENTITY_INSERT [dbo].[PropertyRequestContractType] OFF
GO
SET IDENTITY_INSERT [dbo].[PropertyRequestPrice] ON 

GO
INSERT [dbo].[PropertyRequestPrice] ([Id], [Price], [IsActive]) VALUES (1, N'10Lacs', 1)
GO
INSERT [dbo].[PropertyRequestPrice] ([Id], [Price], [IsActive]) VALUES (2, N'20Lacs', 1)
GO
INSERT [dbo].[PropertyRequestPrice] ([Id], [Price], [IsActive]) VALUES (3, N'30Lacs', 1)
GO
INSERT [dbo].[PropertyRequestPrice] ([Id], [Price], [IsActive]) VALUES (4, N'40Lacs', 1)
GO
INSERT [dbo].[PropertyRequestPrice] ([Id], [Price], [IsActive]) VALUES (5, N'50Lacs', 1)
GO
INSERT [dbo].[PropertyRequestPrice] ([Id], [Price], [IsActive]) VALUES (6, N'60Lacs', 1)
GO
INSERT [dbo].[PropertyRequestPrice] ([Id], [Price], [IsActive]) VALUES (7, N'70Lacs', 1)
GO
INSERT [dbo].[PropertyRequestPrice] ([Id], [Price], [IsActive]) VALUES (8, N'80Lacs', 1)
GO
INSERT [dbo].[PropertyRequestPrice] ([Id], [Price], [IsActive]) VALUES (9, N'90Lacs', 1)
GO
INSERT [dbo].[PropertyRequestPrice] ([Id], [Price], [IsActive]) VALUES (10, N'1Cr', 1)
GO
INSERT [dbo].[PropertyRequestPrice] ([Id], [Price], [IsActive]) VALUES (11, N'1.1Cr', 1)
GO
SET IDENTITY_INSERT [dbo].[PropertyRequestPrice] OFF
GO
SET IDENTITY_INSERT [dbo].[PropertyRequestType] ON 

GO
INSERT [dbo].[PropertyRequestType] ([Id], [Name], [IsActive]) VALUES (1, N'All Property Types', 1)
GO
INSERT [dbo].[PropertyRequestType] ([Id], [Name], [IsActive]) VALUES (2, N'Apartment or Flat', 1)
GO
INSERT [dbo].[PropertyRequestType] ([Id], [Name], [IsActive]) VALUES (3, N'Building', 1)
GO
INSERT [dbo].[PropertyRequestType] ([Id], [Name], [IsActive]) VALUES (4, N'Commercial (Bar or Restaurant)', 1)
GO
INSERT [dbo].[PropertyRequestType] ([Id], [Name], [IsActive]) VALUES (5, N'Commercial (Hotel)', 1)
GO
INSERT [dbo].[PropertyRequestType] ([Id], [Name], [IsActive]) VALUES (6, N'Commercial (Office)', 1)
GO
INSERT [dbo].[PropertyRequestType] ([Id], [Name], [IsActive]) VALUES (7, N'Commercial (Shop or Warehouse)', 1)
GO
INSERT [dbo].[PropertyRequestType] ([Id], [Name], [IsActive]) VALUES (8, N'Compound', 1)
GO
INSERT [dbo].[PropertyRequestType] ([Id], [Name], [IsActive]) VALUES (9, N'House', 1)
GO
INSERT [dbo].[PropertyRequestType] ([Id], [Name], [IsActive]) VALUES (10, N'Labour Accommodation', 1)
GO
INSERT [dbo].[PropertyRequestType] ([Id], [Name], [IsActive]) VALUES (11, N'Land', 1)
GO
INSERT [dbo].[PropertyRequestType] ([Id], [Name], [IsActive]) VALUES (12, N'Penthouse', 1)
GO
INSERT [dbo].[PropertyRequestType] ([Id], [Name], [IsActive]) VALUES (13, N'Studio', 1)
GO
INSERT [dbo].[PropertyRequestType] ([Id], [Name], [IsActive]) VALUES (14, N'Villa', 1)
GO
SET IDENTITY_INSERT [dbo].[PropertyRequestType] OFF
GO
SET IDENTITY_INSERT [dbo].[PropertyType] ON 

GO
INSERT [dbo].[PropertyType] ([Id], [Name], [IsActive]) VALUES (2, N'Apartment', 1)
GO
INSERT [dbo].[PropertyType] ([Id], [Name], [IsActive]) VALUES (3, N'Family House', 1)
GO
INSERT [dbo].[PropertyType] ([Id], [Name], [IsActive]) VALUES (4, N'Cottage', 1)
GO
INSERT [dbo].[PropertyType] ([Id], [Name], [IsActive]) VALUES (5, N'Single Home', 1)
GO
SET IDENTITY_INSERT [dbo].[PropertyType] OFF
GO
SET IDENTITY_INSERT [dbo].[Roles] ON 

GO
INSERT [dbo].[Roles] ([Id], [Name]) VALUES (1, N'Admin')
GO
INSERT [dbo].[Roles] ([Id], [Name]) VALUES (2, N'Customer')
GO
SET IDENTITY_INSERT [dbo].[Roles] OFF
GO
SET IDENTITY_INSERT [dbo].[State] ON 

GO
INSERT [dbo].[State] ([Id], [Name], [IsActive], [CountryId]) VALUES (1, N'Maharashtra', 1, 1)
GO
INSERT [dbo].[State] ([Id], [Name], [IsActive], [CountryId]) VALUES (2, N'Gujrat', 1, 1)
GO
INSERT [dbo].[State] ([Id], [Name], [IsActive], [CountryId]) VALUES (3, N'Karnatak', 1, 1)
GO
INSERT [dbo].[State] ([Id], [Name], [IsActive], [CountryId]) VALUES (4, N'Tamilnadu', 1, 1)
GO
INSERT [dbo].[State] ([Id], [Name], [IsActive], [CountryId]) VALUES (5, N'Andhra Pradesh', 1, 1)
GO
INSERT [dbo].[State] ([Id], [Name], [IsActive], [CountryId]) VALUES (6, N'Uttar Pradhesh', 1, 1)
GO
INSERT [dbo].[State] ([Id], [Name], [IsActive], [CountryId]) VALUES (7, N'Bengal', 1, 1)
GO
INSERT [dbo].[State] ([Id], [Name], [IsActive], [CountryId]) VALUES (8, N'Bihar', 1, 1)
GO
INSERT [dbo].[State] ([Id], [Name], [IsActive], [CountryId]) VALUES (9, N'Himachal Pradesh', 1, 1)
GO
INSERT [dbo].[State] ([Id], [Name], [IsActive], [CountryId]) VALUES (10, N'Haryana', 1, 1)
GO
INSERT [dbo].[State] ([Id], [Name], [IsActive], [CountryId]) VALUES (11, NULL, 1, 2)
GO
SET IDENTITY_INSERT [dbo].[State] OFF
GO
INSERT [dbo].[UserRoles] ([UserId], [RoleId]) VALUES (3, 1)
GO
INSERT [dbo].[UserRoles] ([UserId], [RoleId]) VALUES (4, 2)
GO
SET IDENTITY_INSERT [dbo].[Users] ON 

GO
INSERT [dbo].[Users] ([Id], [FirstName], [LastName], [Phone], [DateOfBirth], [Email], [EmailConfirmed], [PasswordHash], [SecurityStamp], [PhoneNumber], [PhoneNumberConfirmed], [TwoFactorEnabled], [LockoutEndDateUtc], [LockoutEnabled], [AccessFailedCount], [UserName], [Gender], [IsActive], [IsApproved]) VALUES (2, NULL, NULL, NULL, CAST(N'2017-05-23 00:55:19.177' AS DateTime), N'harshalsbhagat@gmail.com', 0, N'AJHjEe4ZtvQr99PCdFy2lcf8Wad4qjmHvFEQcvrOQDQwSvMkAowsAmr51SPguvqSCg==', N'5f75c99e-d3c2-4b1f-acd2-a2e895e047fb', NULL, 0, 0, NULL, 1, 0, N'harshalsbhagat@gmail.com', NULL, 0, 0)
GO
INSERT [dbo].[Users] ([Id], [FirstName], [LastName], [Phone], [DateOfBirth], [Email], [EmailConfirmed], [PasswordHash], [SecurityStamp], [PhoneNumber], [PhoneNumberConfirmed], [TwoFactorEnabled], [LockoutEndDateUtc], [LockoutEnabled], [AccessFailedCount], [UserName], [Gender], [IsActive], [IsApproved]) VALUES (3, N'Petter', N'Parker', N'9921000041', CAST(N'2017-06-02 22:53:15.407' AS DateTime), N'peter.parker@gmail.com', 0, N'ABk6tfxRLCrvEt+/YpMmCO+d/u6h7xgVmRAFKkiC+B7jFHlII2ACl1UH/eFmnMJFkw==', N'9f09cad2-bc2a-4ea1-8608-de8d338f393c', NULL, 0, 0, NULL, 1, 0, N'peter.parker@gmail.com', N'Male', 0, 0)
GO
INSERT [dbo].[Users] ([Id], [FirstName], [LastName], [Phone], [DateOfBirth], [Email], [EmailConfirmed], [PasswordHash], [SecurityStamp], [PhoneNumber], [PhoneNumberConfirmed], [TwoFactorEnabled], [LockoutEndDateUtc], [LockoutEnabled], [AccessFailedCount], [UserName], [Gender], [IsActive], [IsApproved]) VALUES (4, N'Tom', N'Cruse', N'9921000041', CAST(N'2017-06-02 22:57:20.670' AS DateTime), N'Tom.Cruse@gamil.com', 0, N'AOXJzDL5hXLqd3vHSK9jJO4cj+YsK/MfbQOWmXSZ8rU55gv+7Uw4c79cFd34upMu0A==', N'922e4ff3-8dd7-47ee-9324-3d645b7b64a0', NULL, 0, 0, NULL, 1, 0, N'Tom.Cruse@gamil.com', N'Male', 0, 0)
GO
SET IDENTITY_INSERT [dbo].[Users] OFF
GO
ALTER TABLE [dbo].[AgentInfo]  WITH CHECK ADD  CONSTRAINT [FK_dbo.AgentInfo_dbo.PropertyDetail_PropertyDetailId] FOREIGN KEY([PropertyDetailId])
REFERENCES [dbo].[PropertyDetail] ([Id])
GO
ALTER TABLE [dbo].[AgentInfo] CHECK CONSTRAINT [FK_dbo.AgentInfo_dbo.PropertyDetail_PropertyDetailId]
GO
ALTER TABLE [dbo].[Amenity]  WITH CHECK ADD  CONSTRAINT [FK_dbo.Amenity_dbo.Feature_FeatureId] FOREIGN KEY([FeatureId])
REFERENCES [dbo].[Feature] ([Id])
GO
ALTER TABLE [dbo].[Amenity] CHECK CONSTRAINT [FK_dbo.Amenity_dbo.Feature_FeatureId]
GO
ALTER TABLE [dbo].[Amenity]  WITH CHECK ADD  CONSTRAINT [FK_dbo.Amenity_dbo.Service_ServiceId] FOREIGN KEY([ServiceId])
REFERENCES [dbo].[Service] ([Id])
GO
ALTER TABLE [dbo].[Amenity] CHECK CONSTRAINT [FK_dbo.Amenity_dbo.Service_ServiceId]
GO
ALTER TABLE [dbo].[Area]  WITH CHECK ADD  CONSTRAINT [FK_dbo.Area_dbo.City_CityId] FOREIGN KEY([CityId])
REFERENCES [dbo].[City] ([Id])
GO
ALTER TABLE [dbo].[Area] CHECK CONSTRAINT [FK_dbo.Area_dbo.City_CityId]
GO
ALTER TABLE [dbo].[City]  WITH CHECK ADD  CONSTRAINT [FK_dbo.City_dbo.State_StateId] FOREIGN KEY([StateId])
REFERENCES [dbo].[State] ([Id])
GO
ALTER TABLE [dbo].[City] CHECK CONSTRAINT [FK_dbo.City_dbo.State_StateId]
GO
ALTER TABLE [dbo].[PropertyDetail]  WITH CHECK ADD  CONSTRAINT [FK_dbo.PropertyDetail_dbo.Amenity_AmenitiesID] FOREIGN KEY([AmenitiesID])
REFERENCES [dbo].[Amenity] ([Id])
GO
ALTER TABLE [dbo].[PropertyDetail] CHECK CONSTRAINT [FK_dbo.PropertyDetail_dbo.Amenity_AmenitiesID]
GO
ALTER TABLE [dbo].[PropertyImage]  WITH CHECK ADD  CONSTRAINT [FK_dbo.PropertyImage_dbo.PropertyDetail_PropertyDetailId] FOREIGN KEY([PropertyDetailId])
REFERENCES [dbo].[PropertyDetail] ([Id])
GO
ALTER TABLE [dbo].[PropertyImage] CHECK CONSTRAINT [FK_dbo.PropertyImage_dbo.PropertyDetail_PropertyDetailId]
GO
ALTER TABLE [dbo].[PropertyImage]  WITH CHECK ADD  CONSTRAINT [FK_dbo.PropertyImage_dbo.PropertyType_PropertyTypeId] FOREIGN KEY([PropertyTypeId])
REFERENCES [dbo].[PropertyType] ([Id])
GO
ALTER TABLE [dbo].[PropertyImage] CHECK CONSTRAINT [FK_dbo.PropertyImage_dbo.PropertyType_PropertyTypeId]
GO
ALTER TABLE [dbo].[PropertyRequest]  WITH CHECK ADD  CONSTRAINT [FK_dbo.PropertyRequest_dbo.PropertyRequestArea_PropertyRequestAreaId] FOREIGN KEY([PropertyRequestAreaId])
REFERENCES [dbo].[PropertyRequestArea] ([Id])
GO
ALTER TABLE [dbo].[PropertyRequest] CHECK CONSTRAINT [FK_dbo.PropertyRequest_dbo.PropertyRequestArea_PropertyRequestAreaId]
GO
ALTER TABLE [dbo].[PropertyRequest]  WITH CHECK ADD  CONSTRAINT [FK_dbo.PropertyRequest_dbo.PropertyRequestContractType_PropertyRequestContractTypeId] FOREIGN KEY([PropertyRequestContractTypeId])
REFERENCES [dbo].[PropertyRequestContractType] ([Id])
GO
ALTER TABLE [dbo].[PropertyRequest] CHECK CONSTRAINT [FK_dbo.PropertyRequest_dbo.PropertyRequestContractType_PropertyRequestContractTypeId]
GO
ALTER TABLE [dbo].[PropertyRequest]  WITH CHECK ADD  CONSTRAINT [FK_dbo.PropertyRequest_dbo.PropertyRequestPrice_FromPrice] FOREIGN KEY([FromPrice])
REFERENCES [dbo].[PropertyRequestPrice] ([Id])
GO
ALTER TABLE [dbo].[PropertyRequest] CHECK CONSTRAINT [FK_dbo.PropertyRequest_dbo.PropertyRequestPrice_FromPrice]
GO
ALTER TABLE [dbo].[PropertyRequest]  WITH CHECK ADD  CONSTRAINT [FK_dbo.PropertyRequest_dbo.PropertyRequestPrice_ToPrice] FOREIGN KEY([ToPrice])
REFERENCES [dbo].[PropertyRequestPrice] ([Id])
GO
ALTER TABLE [dbo].[PropertyRequest] CHECK CONSTRAINT [FK_dbo.PropertyRequest_dbo.PropertyRequestPrice_ToPrice]
GO
ALTER TABLE [dbo].[PropertyRequest]  WITH CHECK ADD  CONSTRAINT [FK_dbo.PropertyRequest_dbo.PropertyRequestType_PropertyRequestTypeId] FOREIGN KEY([PropertyRequestTypeId])
REFERENCES [dbo].[PropertyRequestType] ([Id])
GO
ALTER TABLE [dbo].[PropertyRequest] CHECK CONSTRAINT [FK_dbo.PropertyRequest_dbo.PropertyRequestType_PropertyRequestTypeId]
GO
ALTER TABLE [dbo].[State]  WITH CHECK ADD  CONSTRAINT [FK_dbo.State_dbo.Country_CountryId] FOREIGN KEY([CountryId])
REFERENCES [dbo].[Country] ([Id])
GO
ALTER TABLE [dbo].[State] CHECK CONSTRAINT [FK_dbo.State_dbo.Country_CountryId]
GO
ALTER TABLE [dbo].[UserClaims]  WITH CHECK ADD  CONSTRAINT [FK_dbo.UserClaims_dbo.Users_UserId] FOREIGN KEY([UserId])
REFERENCES [dbo].[Users] ([Id])
ON DELETE CASCADE
GO
ALTER TABLE [dbo].[UserClaims] CHECK CONSTRAINT [FK_dbo.UserClaims_dbo.Users_UserId]
GO
ALTER TABLE [dbo].[UserLogins]  WITH CHECK ADD  CONSTRAINT [FK_dbo.UserLogins_dbo.Users_UserId] FOREIGN KEY([UserId])
REFERENCES [dbo].[Users] ([Id])
ON DELETE CASCADE
GO
ALTER TABLE [dbo].[UserLogins] CHECK CONSTRAINT [FK_dbo.UserLogins_dbo.Users_UserId]
GO
ALTER TABLE [dbo].[UserRoles]  WITH CHECK ADD  CONSTRAINT [FK_dbo.UserRoles_dbo.Roles_RoleId] FOREIGN KEY([RoleId])
REFERENCES [dbo].[Roles] ([Id])
ON DELETE CASCADE
GO
ALTER TABLE [dbo].[UserRoles] CHECK CONSTRAINT [FK_dbo.UserRoles_dbo.Roles_RoleId]
GO
ALTER TABLE [dbo].[UserRoles]  WITH CHECK ADD  CONSTRAINT [FK_dbo.UserRoles_dbo.Users_UserId] FOREIGN KEY([UserId])
REFERENCES [dbo].[Users] ([Id])
ON DELETE CASCADE
GO
ALTER TABLE [dbo].[UserRoles] CHECK CONSTRAINT [FK_dbo.UserRoles_dbo.Users_UserId]
GO
